{
    "template":{
        "mappings":{
            "properties":{
                "app":{
                    "properties":{
                        "feature":{
                            "properties":{
                                "name":{
                                    "type":"keyword",
                                    "ignore_above":64
                                },
                                "uid":{
                                    "type":"keyword",
                                    "ignore_above":64
                                },
                                "version":{
                                    "type":"keyword",
                                    "ignore_above":16
                                }
                            }
                        },
                        "language":{
                            "type":"keyword",
                            "ignore_above":6
                        },
                        "name":{
                            "type":"keyword",
                            "ignore_above":64   
                        },
                        "path":{
                            "type":"keyword",
                            "ignore_above":512
                        },
                        "cpe_name":{
                            "type":"keyword",
                            "ignore_above":64
                        },
                        "url_string":{
                            "type":"keyword",
                            "ignore_above":1024
                        },
                        "uid":{
                            "type":"keyword",
                            "ignore_above":64
                        },
                        "vendor_name":{
                            "type":"keyword",
                            "ignore_above":64
                        },
                        "version":{
                            "type":"keyword",
                            "ignore_above":16
                        }
                    }
                }
            }
        }
    }
}