{
    "template":{
        "mappings":{
            "properties":{
                "remote_display":{
                    "properties":{
                        "color_depth":{
                            "type":"integer"
                        },
                        "physical_height":{
                            "type":"integer"
                        },
                        "physical_orientation":{
                            "type":"integer"
                        },
                        "physical_width":{
                            "type":"integer"
                        },
                        "scale_factor":{
                            "type":"integer"
                        }
                    }
                }
            }
        }
    }
}
