{
    "template":{
        "mappings":{
            "properties":{
                "driver":{
                    "properties":{
                        "file":{
                            "properties":{
                                "accessed_time":{
                                    "type":"date",
                                    "format":"yyyy-MM-dd'T'HH:mm:ss.SSSZ||epoch_millis"
                                },
                                "accessed_time_dt":{
                                    "type":"date",
                                    "format":"yyyy-MM-dd'T'HH:mm:ss.SSSZ||epoch_millis"
                                },
                                "accessor":{
                                    "properties":{
                                        "account":{
                                            "properties":{
                                                "name":{
                                                    "type":"keyword",
                                                    "ignore_above":64
                                                },
                                                "type":{
                                                    "type":"keyword",
                                                    "ignore_above":64
                                                },
                                                "type_id":{
                                                    "type":"integer"
                                                },
                                                "uid":{
                                                    "type":"keyword",
                                                    "ignore_above":64
                                                }
                                            }
                                        },
                                        "uid_alt":{
                                            "type":"keyword",
                                            "ignore_above":64
                                        },
                                        "domain":{
                                            "type":"keyword",
                                            "ignore_above":64
                                        },
                                        "email_addr":{
                                            "type":"keyword",
                                            "ignore_above":128
                                        },
                                        "full_name":{
                                            "type":"keyword",
                                            "ignore_above":64
                                        },
                                        "groups":{
                                            "properties":{
                                                "type":{
                                                    "type":"keyword",
                                                    "ignore_above":64
                                                },
                                                "desc":{
                                                    "type":"text",
                                                    "fields":{
                                                        "keyword":{
                                                            "type":"keyword",
                                                            "ignore_above":256
                                                        }
                                                    }
                                                },
                                                "domain":{
                                                    "type":"keyword",
                                                    "ignore_above":64
                                                },
                                                "name":{
                                                    "type":"keyword",
                                                    "ignore_above":64
                                                },
                                                "privileges":{
                                                    "type":"keyword",
                                                    "ignore_above":64
                                                },
                                                "uid":{
                                                    "type":"keyword",
                                                    "ignore_above":64
                                                }
                                            }
                                        },
                                        "ldap_person":{
                                            "properties":{
                                                "cost_center":{
                                                    "type":"keyword",
                                                    "ignore_above":64
                                                },
                                                "created_time":{
                                                    "type":"date",
                                                    "format":"yyyy-MM-dd'T'HH:mm:ss.SSSZ||epoch_millis"
                                                },
                                                "created_time_dt":{
                                                    "type":"date",
                                                    "format":"yyyy-MM-dd'T'HH:mm:ss.SSSZ||epoch_millis"
                                                },
                                                "deleted_time":{
                                                    "type":"date",
                                                    "format":"yyyy-MM-dd'T'HH:mm:ss.SSSZ||epoch_millis"
                                                },
                                                "deleted_time_dt":{
                                                    "type":"date",
                                                    "format":"yyyy-MM-dd'T'HH:mm:ss.SSSZ||epoch_millis"
                                                },
                                                "email_addrs":{
                                                    "type":"keyword",
                                                    "ignore_above":128
                                                },
                                                "employee_uid":{
                                                    "type":"keyword",
                                                    "ignore_above":64
                                                },
                                                "location":{
                                                    "properties":{
                                                        "city":{
                                                            "type":"keyword",
                                                            "ignore_above":64
                                                        },
                                                        "continent":{
                                                            "type":"keyword",
                                                            "ignore_above":32
                                                        },
                                                        "coordinates":{
                                                            "type":"geo_point"
                                                        },
                                                        "country":{
                                                            "type":"keyword",
                                                            "ignore_above":2
                                                        },
                                                        "desc":{
                                                            "type":"text",
                                                            "fields":{
                                                                "keyword":{
                                                                    "type":"keyword",
                                                                    "ignore_above":256
                                                                }
                                                            }
                                                        },
                                                        "isp":{
                                                            "type":"keyword",
                                                            "ignore_above":64
                                                        },
                                                        "is_on_premises":{
                                                            "type":"boolean"
                                                        },
                                                        "postal_code":{
                                                            "type":"keyword",
                                                            "ignore_above":16
                                                        },
                                                        "provider":{
                                                            "type":"keyword",
                                                            "ignore_above":64
                                                        },
                                                        "region":{
                                                            "type":"keyword",
                                                            "ignore_above":3
                                                        }
                                                    }
                                                },
                                                "given_name":{
                                                    "type":"keyword",
                                                    "ignore_above":64
                                                },
                                                "hire_time":{
                                                    "type":"date",
                                                    "format":"yyyy-MM-dd'T'HH:mm:ss.SSSZ||epoch_millis"
                                                },
                                                "hire_time_dt":{
                                                    "type":"date",
                                                    "format":"yyyy-MM-dd'T'HH:mm:ss.SSSZ||epoch_millis"
                                                },
                                                "job_title":{
                                                    "type":"keyword",
                                                    "ignore_above":32
                                                },
                                                "ldap_cn":{
                                                    "type":"keyword",
                                                    "ignore_above":256
                                                },
                                                "ldap_dn":{
                                                    "type":"keyword",
                                                    "ignore_above":256
                                                },
                                                "labels":{
                                                    "type":"keyword",
                                                    "ignore_above":48
                                                },
                                                "last_login_time":{
                                                    "type":"date",
                                                    "format":"yyyy-MM-dd'T'HH:mm:ss.SSSZ||epoch_millis"
                                                },
                                                "last_login_time_dt":{
                                                    "type":"date",
                                                    "format":"yyyy-MM-dd'T'HH:mm:ss.SSSZ||epoch_millis"
                                                },
                                                "leave_time":{
                                                    "type":"date",
                                                    "format":"yyyy-MM-dd'T'HH:mm:ss.SSSZ||epoch_millis"
                                                },
                                                "leave_time_dt":{
                                                    "type":"date",
                                                    "format":"yyyy-MM-dd'T'HH:mm:ss.SSSZ||epoch_millis"
                                                },
                                                "modified_time":{
                                                    "type":"date",
                                                    "format":"yyyy-MM-dd'T'HH:mm:ss.SSSZ||epoch_millis"
                                                },
                                                "modified_time_dt":{
                                                    "type":"date",
                                                    "format":"yyyy-MM-dd'T'HH:mm:ss.SSSZ||epoch_millis"
                                                },
                                                "office_location":{
                                                    "type":"keyword",
                                                    "ignore_above":64
                                                },
                                                "surname":{
                                                    "type":"keyword",
                                                    "ignore_above":32
                                                }
                                            }
                                        },
                                        "name":{
                                            "type":"keyword",
                                            "ignore_above":64
                                        },
                                        "org":{
                                            "properties":{
                                                "name":{
                                                    "type":"keyword",
                                                    "ignore_above":64
                                                },
                                                "ou_uid":{
                                                    "type":"keyword",
                                                    "ignore_above":64
                                                },
                                                "ou_name":{
                                                    "type":"keyword",
                                                    "ignore_above":64
                                                },
                                                "uid":{
                                                    "type":"keyword",
                                                    "ignore_above":64
                                                }
                                            }
                                        },
                                        "risk_level":{
                                            "type":"keyword",
                                            "ignore_above":16
                                        },
                                        "risk_level_id":{
                                            "type":"integer"
                                        },
                                        "risk_score":{
                                            "type":"integer"
                                        },
                                        "type":{
                                            "type":"keyword",
                                            "ignore_above":64
                                        },
                                        "type_id":{
                                            "type":"integer"
                                        },
                                        "uid":{
                                            "type":"keyword",
                                            "ignore_above":64
                                        },
                                        "credential_uid":{
                                            "type":"keyword",
                                            "ignore_above":64
                                        }
                                    }
                                },
                                "attributes":{
                                    "type":"integer"
                                },
                                "company_name":{
                                    "type":"keyword",
                                    "ignore_above":64
                                },
                                "confidentiality":{
                                    "type":"keyword",
                                    "ignore_above":64
                                },
                                "confidentiality_id":{
                                    "type":"integer"
                                },
                                "created_time":{
                                    "type":"date",
                                    "format":"yyyy-MM-dd'T'HH:mm:ss.SSSZ||epoch_millis"
                                },
                                "created_time_dt":{
                                    "type":"date",
                                    "format":"yyyy-MM-dd'T'HH:mm:ss.SSSZ||epoch_millis"
                                },
                                "creator":{
                                    "properties":{
                                        "account":{
                                            "properties":{
                                                "name":{
                                                    "type":"keyword",
                                                    "ignore_above":128
                                                },
                                                "type":{
                                                    "type":"keyword",
                                                    "ignore_above":64
                                                },
                                                "type_id":{
                                                    "type":"integer"
                                                },
                                                "uid":{
                                                    "type":"keyword",
                                                    "ignore_above":64
                                                }
                                            }
                                        },
                                        "uid_alt":{
                                            "type":"keyword",
                                            "ignore_above":64
                                        },
                                        "domain":{
                                            "type":"keyword",
                                            "ignore_above":64
                                        },
                                        "email_addr":{
                                            "type":"keyword",
                                            "ignore_above":128
                                        },
                                        "full_name":{
                                            "type":"keyword",
                                            "ignore_above":64
                                        },
                                        "groups":{
                                            "properties":{
                                                "type":{
                                                    "type":"keyword",
                                                    "ignore_above":64
                                                },
                                                "desc":{
                                                    "type":"text",
                                                    "fields":{
                                                        "keyword":{
                                                            "type":"keyword",
                                                            "ignore_above":256
                                                        }
                                                    }
                                                },
                                                "domain":{
                                                    "type":"keyword",
                                                    "ignore_above":64
                                                },
                                                "name":{
                                                    "type":"keyword",
                                                    "ignore_above":64
                                                },
                                                "privileges":{
                                                    "type":"keyword",
                                                    "ignore_above":64
                                                },
                                                "uid":{
                                                    "type":"keyword",
                                                    "ignore_above":64
                                                }
                                            }
                                        },
                                        "ldap_person":{
                                            "properties":{
                                                "cost_center":{
                                                    "type":"keyword",
                                                    "ignore_above":64
                                                },
                                                "created_time":{
                                                    "type":"date",
                                                    "format":"yyyy-MM-dd'T'HH:mm:ss.SSSZ||epoch_millis"
                                                },
                                                "created_time_dt":{
                                                    "type":"date",
                                                    "format":"yyyy-MM-dd'T'HH:mm:ss.SSSZ||epoch_millis"
                                                },
                                                "deleted_time":{
                                                    "type":"date",
                                                    "format":"yyyy-MM-dd'T'HH:mm:ss.SSSZ||epoch_millis"
                                                },
                                                "deleted_time_dt":{
                                                    "type":"date",
                                                    "format":"yyyy-MM-dd'T'HH:mm:ss.SSSZ||epoch_millis"
                                                },
                                                "email_addrs":{
                                                    "type":"keyword",
                                                    "ignore_above":128
                                                },
                                                "employee_uid":{
                                                    "type":"keyword",
                                                    "ignore_above":64
                                                },
                                                "location":{
                                                    "properties":{
                                                        "city":{
                                                            "type":"keyword",
                                                            "ignore_above":64
                                                        },
                                                        "continent":{
                                                            "type":"keyword",
                                                            "ignore_above":32
                                                        },
                                                        "coordinates":{
                                                            "type":"geo_point"
                                                        },
                                                        "country":{
                                                            "type":"keyword",
                                                            "ignore_above":2
                                                        },
                                                        "desc":{
                                                            "type":"text",
                                                            "fields":{
                                                                "keyword":{
                                                                    "type":"keyword",
                                                                    "ignore_above":256
                                                                }
                                                            }
                                                        },
                                                        "isp":{
                                                            "type":"keyword",
                                                            "ignore_above":64
                                                        },
                                                        "is_on_premises":{
                                                            "type":"boolean"
                                                        },
                                                        "postal_code":{
                                                            "type":"keyword",
                                                            "ignore_above":16
                                                        },
                                                        "provider":{
                                                            "type":"keyword",
                                                            "ignore_above":64
                                                        },
                                                        "region":{
                                                            "type":"keyword",
                                                            "ignore_above":3
                                                        }
                                                    }
                                                },
                                                "given_name":{
                                                    "type":"keyword",
                                                    "ignore_above":64
                                                },
                                                "hire_time":{
                                                    "type":"date",
                                                    "format":"yyyy-MM-dd'T'HH:mm:ss.SSSZ||epoch_millis"
                                                },
                                                "hire_time_dt":{
                                                    "type":"date",
                                                    "format":"yyyy-MM-dd'T'HH:mm:ss.SSSZ||epoch_millis"
                                                },
                                                "job_title":{
                                                    "type":"keyword",
                                                    "ignore_above":32
                                                },
                                                "ldap_cn":{
                                                    "type":"keyword",
                                                    "ignore_above":256
                                                },
                                                "ldap_dn":{
                                                    "type":"keyword",
                                                    "ignore_above":256
                                                },
                                                "labels":{
                                                    "type":"keyword",
                                                    "ignore_above":48
                                                },
                                                "last_login_time":{
                                                    "type":"date",
                                                    "format":"yyyy-MM-dd'T'HH:mm:ss.SSSZ||epoch_millis"
                                                },
                                                "last_login_time_dt":{
                                                    "type":"date",
                                                    "format":"yyyy-MM-dd'T'HH:mm:ss.SSSZ||epoch_millis"
                                                },
                                                "leave_time":{
                                                    "type":"date",
                                                    "format":"yyyy-MM-dd'T'HH:mm:ss.SSSZ||epoch_millis"
                                                },
                                                "leave_time_dt":{
                                                    "type":"date",
                                                    "format":"yyyy-MM-dd'T'HH:mm:ss.SSSZ||epoch_millis"
                                                },
                                                "modified_time":{
                                                    "type":"date",
                                                    "format":"yyyy-MM-dd'T'HH:mm:ss.SSSZ||epoch_millis"
                                                },
                                                "modified_time_dt":{
                                                    "type":"date",
                                                    "format":"yyyy-MM-dd'T'HH:mm:ss.SSSZ||epoch_millis"
                                                },
                                                "office_location":{
                                                    "type":"keyword",
                                                    "ignore_above":64
                                                },
                                                "surname":{
                                                    "type":"keyword",
                                                    "ignore_above":32
                                                }
                                            }
                                        },
                                        "name":{
                                            "type":"keyword",
                                            "ignore_above":64
                                        },
                                        "org":{
                                            "properties":{
                                                "name":{
                                                    "type":"keyword",
                                                    "ignore_above":64
                                                },
                                                "ou_uid":{
                                                    "type":"keyword",
                                                    "ignore_above":64
                                                },
                                                "ou_name":{
                                                    "type":"keyword",
                                                    "ignore_above":64
                                                },
                                                "uid":{
                                                    "type":"keyword",
                                                    "ignore_above":64
                                                }
                                            }
                                        },
                                        "risk_level":{
                                            "type":"keyword",
                                            "ignore_above":16
                                        },
                                        "risk_level_id":{
                                            "type":"integer"
                                        },
                                        "risk_score":{
                                            "type":"integer"
                                        },
                                        "type":{
                                            "type":"keyword",
                                            "ignore_above":64
                                        },
                                        "type_id":{
                                            "type":"integer"
                                        },
                                        "uid":{
                                            "type":"keyword",
                                            "ignore_above":64
                                        },
                                        "credential_uid":{
                                            "type":"keyword",
                                            "ignore_above":64
                                        }
                                    }
                                },
                                "desc":{
                                    "type":"text",
                                    "fields":{
                                        "keyword":{
                                            "type":"keyword",
                                            "ignore_above":256
                                        }
                                    }
                                },
                                "xattributes":{
                                    "type":"object"
                                },
                                "hashes":{
                                    "properties":{
                                        "algorithm":{
                                            "type":"keyword",
                                            "ignore_above":64
                                        },
                                        "algorithm_id":{
                                            "type":"integer"
                                        },
                                        "value":{
                                            "type":"keyword",
                                            "ignore_above":1024
                                        }
                                    }
                                },
                                "mime_type":{
                                    "type":"keyword",
                                    "ignore_above":32
                                },
                                "modified_time":{
                                    "type":"date",
                                    "format":"yyyy-MM-dd'T'HH:mm:ss.SSSZ||epoch_millis"
                                },
                                "modified_time_dt":{
                                    "type":"date",
                                    "format":"yyyy-MM-dd'T'HH:mm:ss.SSSZ||epoch_millis"
                                },
                                "modifier":{
                                    "properties":{
                                        "account":{
                                            "properties":{
                                                "name":{
                                                    "type":"keyword",
                                                    "ignore_above":128
                                                },
                                                "type":{
                                                    "type":"keyword",
                                                    "ignore_above":64
                                                },
                                                "type_id":{
                                                    "type":"integer"
                                                },
                                                "uid":{
                                                    "type":"keyword",
                                                    "ignore_above":64
                                                }
                                            }
                                        },
                                        "uid_alt":{
                                            "type":"keyword",
                                            "ignore_above":64
                                        },
                                        "domain":{
                                            "type":"keyword",
                                            "ignore_above":64
                                        },
                                        "email_addr":{
                                            "type":"keyword",
                                            "ignore_above":128
                                        },
                                        "full_name":{
                                            "type":"keyword",
                                            "ignore_above":64
                                        },
                                        "groups":{
                                            "properties":{
                                                "type":{
                                                    "type":"keyword",
                                                    "ignore_above":64
                                                },
                                                "desc":{
                                                    "type":"text",
                                                    "fields":{
                                                        "keyword":{
                                                            "type":"keyword",
                                                            "ignore_above":256
                                                        }
                                                    }
                                                },
                                                "domain":{
                                                    "type":"keyword",
                                                    "ignore_above":64
                                                },
                                                "name":{
                                                    "type":"keyword",
                                                    "ignore_above":64
                                                },
                                                "privileges":{
                                                    "type":"keyword",
                                                    "ignore_above":64
                                                },
                                                "uid":{
                                                    "type":"keyword",
                                                    "ignore_above":64
                                                }
                                            }
                                        },
                                        "ldap_person":{
                                            "properties":{
                                                "cost_center":{
                                                    "type":"keyword",
                                                    "ignore_above":64
                                                },
                                                "created_time":{
                                                    "type":"date",
                                                    "format":"yyyy-MM-dd'T'HH:mm:ss.SSSZ||epoch_millis"
                                                },
                                                "created_time_dt":{
                                                    "type":"date",
                                                    "format":"yyyy-MM-dd'T'HH:mm:ss.SSSZ||epoch_millis"
                                                },
                                                "deleted_time":{
                                                    "type":"date",
                                                    "format":"yyyy-MM-dd'T'HH:mm:ss.SSSZ||epoch_millis"
                                                },
                                                "deleted_time_dt":{
                                                    "type":"date",
                                                    "format":"yyyy-MM-dd'T'HH:mm:ss.SSSZ||epoch_millis"
                                                },
                                                "email_addrs":{
                                                    "type":"keyword",
                                                    "ignore_above":128
                                                },
                                                "employee_uid":{
                                                    "type":"keyword",
                                                    "ignore_above":64
                                                },
                                                "location":{
                                                    "properties":{
                                                        "city":{
                                                            "type":"keyword",
                                                            "ignore_above":64
                                                        },
                                                        "continent":{
                                                            "type":"keyword",
                                                            "ignore_above":32
                                                        },
                                                        "coordinates":{
                                                            "type":"geo_point"
                                                        },
                                                        "country":{
                                                            "type":"keyword",
                                                            "ignore_above":2
                                                        },
                                                        "desc":{
                                                            "type":"text",
                                                            "fields":{
                                                                "keyword":{
                                                                    "type":"keyword",
                                                                    "ignore_above":256
                                                                }
                                                            }
                                                        },
                                                        "isp":{
                                                            "type":"keyword",
                                                            "ignore_above":64
                                                        },
                                                        "is_on_premises":{
                                                            "type":"boolean"
                                                        },
                                                        "postal_code":{
                                                            "type":"keyword",
                                                            "ignore_above":16
                                                        },
                                                        "provider":{
                                                            "type":"keyword",
                                                            "ignore_above":64
                                                        },
                                                        "region":{
                                                            "type":"keyword",
                                                            "ignore_above":3
                                                        }
                                                    }
                                                },
                                                "given_name":{
                                                    "type":"keyword",
                                                    "ignore_above":64
                                                },
                                                "hire_time":{
                                                    "type":"date",
                                                    "format":"yyyy-MM-dd'T'HH:mm:ss.SSSZ||epoch_millis"
                                                },
                                                "hire_time_dt":{
                                                    "type":"date",
                                                    "format":"yyyy-MM-dd'T'HH:mm:ss.SSSZ||epoch_millis"
                                                },
                                                "job_title":{
                                                    "type":"keyword",
                                                    "ignore_above":32
                                                },
                                                "ldap_cn":{
                                                    "type":"keyword",
                                                    "ignore_above":256
                                                },
                                                "ldap_dn":{
                                                    "type":"keyword",
                                                    "ignore_above":256
                                                },
                                                "labels":{
                                                    "type":"keyword",
                                                    "ignore_above":48
                                                },
                                                "last_login_time":{
                                                    "type":"date",
                                                    "format":"yyyy-MM-dd'T'HH:mm:ss.SSSZ||epoch_millis"
                                                },
                                                "last_login_time_dt":{
                                                    "type":"date",
                                                    "format":"yyyy-MM-dd'T'HH:mm:ss.SSSZ||epoch_millis"
                                                },
                                                "leave_time":{
                                                    "type":"date",
                                                    "format":"yyyy-MM-dd'T'HH:mm:ss.SSSZ||epoch_millis"
                                                },
                                                "leave_time_dt":{
                                                    "type":"date",
                                                    "format":"yyyy-MM-dd'T'HH:mm:ss.SSSZ||epoch_millis"
                                                },
                                                "modified_time":{
                                                    "type":"date",
                                                    "format":"yyyy-MM-dd'T'HH:mm:ss.SSSZ||epoch_millis"
                                                },
                                                "modified_time_dt":{
                                                    "type":"date",
                                                    "format":"yyyy-MM-dd'T'HH:mm:ss.SSSZ||epoch_millis"
                                                },
                                                "office_location":{
                                                    "type":"keyword",
                                                    "ignore_above":64
                                                },
                                                "surname":{
                                                    "type":"keyword",
                                                    "ignore_above":32
                                                }
                                            }
                                        },
                                        "name":{
                                            "type":"keyword",
                                            "ignore_above":64
                                        },
                                        "org":{
                                            "properties":{
                                                "name":{
                                                    "type":"keyword",
                                                    "ignore_above":64
                                                },
                                                "ou_uid":{
                                                    "type":"keyword",
                                                    "ignore_above":64
                                                },
                                                "ou_name":{
                                                    "type":"keyword",
                                                    "ignore_above":64
                                                },
                                                "uid":{
                                                    "type":"keyword",
                                                    "ignore_above":64
                                                }
                                            }
                                        },
                                        "risk_level":{
                                            "type":"keyword",
                                            "ignore_above":16
                                        },
                                        "risk_level_id":{
                                            "type":"integer"
                                        },
                                        "risk_score":{
                                            "type":"integer"
                                        },
                                        "type":{
                                            "type":"keyword",
                                            "ignore_above":64
                                        },
                                        "type_id":{
                                            "type":"integer"
                                        },
                                        "uid":{
                                            "type":"keyword",
                                            "ignore_above":64
                                        },
                                        "credential_uid":{
                                            "type":"keyword",
                                            "ignore_above":64
                                        }
                                    }
                                },
                                "name":{
                                    "type":"keyword",
                                    "ignore_above":64
                                },
                                "owner":{
                                    "properties":{
                                        "account":{
                                            "properties":{
                                                "name":{
                                                    "type":"keyword",
                                                    "ignore_above":128
                                                },
                                                "type":{
                                                    "type":"keyword",
                                                    "ignore_above":64
                                                },
                                                "type_id":{
                                                    "type":"integer"
                                                },
                                                "uid":{
                                                    "type":"keyword",
                                                    "ignore_above":64
                                                }
                                            }
                                        },
                                        "uid_alt":{
                                            "type":"keyword",
                                            "ignore_above":64
                                        },
                                        "domain":{
                                            "type":"keyword",
                                            "ignore_above":64
                                        },
                                        "email_addr":{
                                            "type":"keyword",
                                            "ignore_above":128
                                        },
                                        "full_name":{
                                            "type":"keyword",
                                            "ignore_above":64
                                        },
                                        "groups":{
                                            "properties":{
                                                "type":{
                                                    "type":"keyword",
                                                    "ignore_above":64
                                                },
                                                "desc":{
                                                    "type":"text",
                                                    "fields":{
                                                        "keyword":{
                                                            "type":"keyword",
                                                            "ignore_above":256
                                                        }
                                                    }
                                                },
                                                "domain":{
                                                    "type":"keyword",
                                                    "ignore_above":64
                                                },
                                                "name":{
                                                    "type":"keyword",
                                                    "ignore_above":64
                                                },
                                                "privileges":{
                                                    "type":"keyword",
                                                    "ignore_above":64
                                                },
                                                "uid":{
                                                    "type":"keyword",
                                                    "ignore_above":64
                                                }
                                            }
                                        },
                                        "ldap_person":{
                                            "properties":{
                                                "cost_center":{
                                                    "type":"keyword",
                                                    "ignore_above":64
                                                },
                                                "created_time":{
                                                    "type":"date",
                                                    "format":"yyyy-MM-dd'T'HH:mm:ss.SSSZ||epoch_millis"
                                                },
                                                "created_time_dt":{
                                                    "type":"date",
                                                    "format":"yyyy-MM-dd'T'HH:mm:ss.SSSZ||epoch_millis"
                                                },
                                                "deleted_time":{
                                                    "type":"date",
                                                    "format":"yyyy-MM-dd'T'HH:mm:ss.SSSZ||epoch_millis"
                                                },
                                                "deleted_time_dt":{
                                                    "type":"date",
                                                    "format":"yyyy-MM-dd'T'HH:mm:ss.SSSZ||epoch_millis"
                                                },
                                                "email_addrs":{
                                                    "type":"keyword",
                                                    "ignore_above":128
                                                },
                                                "employee_uid":{
                                                    "type":"keyword",
                                                    "ignore_above":64
                                                },
                                                "location":{
                                                    "properties":{
                                                        "city":{
                                                            "type":"keyword",
                                                            "ignore_above":64
                                                        },
                                                        "continent":{
                                                            "type":"keyword",
                                                            "ignore_above":32
                                                        },
                                                        "coordinates":{
                                                            "type":"geo_point"
                                                        },
                                                        "country":{
                                                            "type":"keyword",
                                                            "ignore_above":2
                                                        },
                                                        "desc":{
                                                            "type":"text",
                                                            "fields":{
                                                                "keyword":{
                                                                    "type":"keyword",
                                                                    "ignore_above":256
                                                                }
                                                            }
                                                        },
                                                        "isp":{
                                                            "type":"keyword",
                                                            "ignore_above":64
                                                        },
                                                        "is_on_premises":{
                                                            "type":"boolean"
                                                        },
                                                        "postal_code":{
                                                            "type":"keyword",
                                                            "ignore_above":16
                                                        },
                                                        "provider":{
                                                            "type":"keyword",
                                                            "ignore_above":64
                                                        },
                                                        "region":{
                                                            "type":"keyword",
                                                            "ignore_above":3
                                                        }
                                                    }
                                                },
                                                "given_name":{
                                                    "type":"keyword",
                                                    "ignore_above":64
                                                },
                                                "hire_time":{
                                                    "type":"date",
                                                    "format":"yyyy-MM-dd'T'HH:mm:ss.SSSZ||epoch_millis"
                                                },
                                                "hire_time_dt":{
                                                    "type":"date",
                                                    "format":"yyyy-MM-dd'T'HH:mm:ss.SSSZ||epoch_millis"
                                                },
                                                "job_title":{
                                                    "type":"keyword",
                                                    "ignore_above":32
                                                },
                                                "ldap_cn":{
                                                    "type":"keyword",
                                                    "ignore_above":256
                                                },
                                                "ldap_dn":{
                                                    "type":"keyword",
                                                    "ignore_above":256
                                                },
                                                "labels":{
                                                    "type":"keyword",
                                                    "ignore_above":48
                                                },
                                                "last_login_time":{
                                                    "type":"date",
                                                    "format":"yyyy-MM-dd'T'HH:mm:ss.SSSZ||epoch_millis"
                                                },
                                                "last_login_time_dt":{
                                                    "type":"date",
                                                    "format":"yyyy-MM-dd'T'HH:mm:ss.SSSZ||epoch_millis"
                                                },
                                                "leave_time":{
                                                    "type":"date",
                                                    "format":"yyyy-MM-dd'T'HH:mm:ss.SSSZ||epoch_millis"
                                                },
                                                "leave_time_dt":{
                                                    "type":"date",
                                                    "format":"yyyy-MM-dd'T'HH:mm:ss.SSSZ||epoch_millis"
                                                },
                                                "modified_time":{
                                                    "type":"date",
                                                    "format":"yyyy-MM-dd'T'HH:mm:ss.SSSZ||epoch_millis"
                                                },
                                                "modified_time_dt":{
                                                    "type":"date",
                                                    "format":"yyyy-MM-dd'T'HH:mm:ss.SSSZ||epoch_millis"
                                                },
                                                "office_location":{
                                                    "type":"keyword",
                                                    "ignore_above":64
                                                },
                                                "surname":{
                                                    "type":"keyword",
                                                    "ignore_above":32
                                                }
                                            }
                                        },
                                        "name":{
                                            "type":"keyword",
                                            "ignore_above":64
                                        },
                                        "org":{
                                            "properties":{
                                                "name":{
                                                    "type":"keyword",
                                                    "ignore_above":64
                                                },
                                                "ou_uid":{
                                                    "type":"keyword",
                                                    "ignore_above":64
                                                },
                                                "ou_name":{
                                                    "type":"keyword",
                                                    "ignore_above":64
                                                },
                                                "uid":{
                                                    "type":"keyword",
                                                    "ignore_above":64
                                                }
                                            }
                                        },
                                        "risk_level":{
                                            "type":"keyword",
                                            "ignore_above":16
                                        },
                                        "risk_level_id":{
                                            "type":"integer"
                                        },
                                        "risk_score":{
                                            "type":"integer"
                                        },
                                        "type":{
                                            "type":"keyword",
                                            "ignore_above":64
                                        },
                                        "type_id":{
                                            "type":"integer"
                                        },
                                        "uid":{
                                            "type":"keyword",
                                            "ignore_above":64
                                        },
                                        "credential_uid":{
                                            "type":"keyword",
                                            "ignore_above":64
                                        }
                                    }
                                },
                                "parent_folder":{
                                    "type":"keyword",
                                    "ignore_above":256
                                },
                                "path":{
                                    "type":"keyword",
                                    "ignore_above":1024
                                },
                                "product":{
                                    "properties":{
                                        "feature":{
                                            "properties":{
                                                "name":{
                                                    "type":"keyword",
                                                    "ignore_above":64
                                                },
                                                "uid":{
                                                    "type":"keyword",
                                                    "ignore_above":64
                                                },
                                                "version":{
                                                    "type":"keyword",
                                                    "ignore_above":16
                                                }
                                            }
                                        },
                                        "language":{
                                            "type":"keyword",
                                            "ignore_above":6
                                        },
                                        "name":{
                                            "type":"keyword",
                                            "ignore_above":64
                                        },
                                        "path":{
                                            "type":"keyword",
                                            "ignore_above":512
                                        },
                                        "cpe_name":{
                                            "type":"keyword",
                                            "ignore_above":64
                                        },
                                        "url_string":{
                                            "type":"keyword",
                                            "ignore_above":1024
                                        },
                                        "uid":{
                                            "type":"keyword",
                                            "ignore_above":64
                                        },
                                        "vendor_name":{
                                            "type":"keyword",
                                            "ignore_above":64
                                        },
                                        "version":{
                                            "type":"keyword",
                                            "ignore_above":16
                                        }
                                    }
                                },
                                "security_descriptor":{
                                    "type":"keyword",
                                    "ignore_above":64
                                },
                                "size":{
                                    "type":"integer"
                                },
                                "is_system":{
                                    "type":"boolean"
                                },
                                "type":{
                                    "type":"keyword",
                                    "ignore_above":64
                                },
                                "type_id":{
                                    "type":"integer"
                                },
                                "uid":{
                                    "type":"keyword",
                                    "ignore_above":64
                                },
                                "version":{
                                    "type":"keyword",
                                    "ignore_above":16
                                }
                            }
                        }
                    }
                }
            }
        }
    }
}
