{
    "template":{
        "mappings":{
            "properties":{
               "desc":{
                    "type":"text",
                    "fields":{
                        "keyword":{
                            "type":"keyword",
                            "ignore_above":256
                        }
                    }
                },
                "group":{
                    "properties":{
                        "type":{
                            "type":"keyword",
                            "ignore_above":64
                        },
                        "desc":{
                            "type":"text",
                            "fields":{
                                "keyword":{
                                    "type":"keyword",
                                    "ignore_above":256
                                }
                            }
                        },
                        "domain":{
                            "type":"keyword",
                            "ignore_above":64
                        },
                        "name":{
                            "type":"keyword",
                            "ignore_above":64
                        },
                        "privileges":{
                            "type":"keyword",
                            "ignore_above":64
                        },
                        "uid":{
                            "type":"keyword",
                            "ignore_above":64
                        }
                    }
                },
                "name":{
                    "type":"keyword",
                    "ignore_above":32
                },
                "uid":{
                    "type":"integer"
                },
                "version":{
                    "type":"keyword",
                    "ignore_above":64
                }
            }
        }
    }
}