{
    "template":{
        "mappings":{
            "properties":{
                "device":{
                    "properties":{
                        "uid_alt":{
                            "type":"keyword",
                            "ignore_above":64
                        },
                        "autoscale_uid":{
                            "type":"keyword",
                            "ignore_above":64
                        },
                        "is_compliant":{
                            "type":"boolean"
                        },
                        "container":{
                            "properties":{
                                "hash":{
                                    "properties":{
                                        "algorithm":{
                                            "type":"keyword",
                                            "ignore_above":64
                                        },
                                        "algorithm_id":{
                                            "type":"integer"
                                        },
                                        "value":{
                                            "type":"keyword",
                                            "ignore_above":1024
                                        }
                                    }
                                },
                                "image":{
                                    "properties":{
                                        "name":{
                                            "type":"keyword",
                                            "ignore_above":128
                                        },
                                        "tag":{
                                            "type":"keyword",
                                            "ignore_above":128
                                        },
                                        "labels":{
                                            "type":"keyword",
                                            "ignore_above":128
                                        },
                                        "path":{
                                            "type":"keyword",
                                            "ignore_above":256
                                        },
                                        "uid":{
                                            "type":"keyword",
                                            "ignore_above":64
                                        }
                                    }
                                },
                                "tag":{
                                    "type":"keyword",
                                    "ignore_above":128
                                },
                                "name":{
                                    "type":"keyword",
                                    "ignore_above":128
                                },
                                "network_driver":{
                                    "type":"keyword",
                                    "ignore_above":64
                                },
                                "orchestrator":{
                                    "type":"keyword",
                                    "ignore_above":64
                                },
                                "pod_uuid":{
                                    "type":"keyword",
                                    "ignore_above":64
                                },
                                "runtime":{
                                    "type":"keyword",
                                    "ignore_above":48
                                },
                                "size":{
                                    "type":"long"
                                },
                                "uid":{
                                    "type":"keyword",
                                    "ignore_above":64
                                }
                            }
                        },
                        "created_time":{
                            "type":"date",
                            "format":"yyyy-MM-dd HH:mm:ss||yyyy-MM-dd||epoch_millis"
                        },
                        "created_time_dt":{
                            "type":"date",
                            "format":"yyyy-MM-dd HH:mm:ss||yyyy-MM-dd||epoch_millis"
                        },
                        "desc":{
                            "type":"text",
                            "fields":{
                                "keyword":{
                                    "type":"keyword",
                                    "ignore_above":256
                                }
                            }
                        },
                        "domain":{
                            "type":"keyword",
                            "ignore_above":128
                        },
                        "first_seen_time":{
                            "type":"date",
                            "format":"yyyy-MM-dd HH:mm:ss||yyyy-MM-dd||epoch_millis"
                        },
                        "first_seen_time_dt":{
                            "type":"date",
                            "format":"yyyy-MM-dd HH:mm:ss||yyyy-MM-dd||epoch_millis"
                        },
                        "location":{
                            "properties":{
                                "city":{
                                    "type":"keyword",
                                    "ignore_above":64
                                },
                                "continent":{
                                    "type":"keyword",
                                    "ignore_above":32
                                },
                                "coordinates":{
                                    "type":"geo_point"
                                },
                                "country":{
                                    "type":"keyword",
                                    "ignore_above":2
                                },
                                "desc":{
                                    "type":"text",
                                    "fields":{
                                        "keyword":{
                                            "type":"keyword",
                                            "ignore_above":256
                                        }
                                    }
                                },
                                "isp":{
                                    "type":"keyword",
                                    "ignore_above":64
                                },
                                "is_on_premises":{
                                    "type":"boolean"
                                },
                                "postal_code":{
                                    "type":"keyword",
                                    "ignore_above":16
                                },
                                "provider":{
                                    "type":"keyword",
                                    "ignore_above":64
                                },
                                "region":{
                                    "type":"keyword",
                                    "ignore_above":3
                                }
                            }
                        },
                        "groups":{
                            "properties":{
                                "type":{
                                    "type":"keyword",
                                    "ignore_above":64
                                },
                                "desc":{
                                    "type":"text",
                                    "fields":{
                                        "keyword":{
                                            "type":"keyword",
                                            "ignore_above":256
                                        }
                                    }
                                },
                                "domain":{
                                    "type":"keyword",
                                    "ignore_above":64
                                },
                                "name":{
                                    "type":"keyword",
                                    "ignore_above":64
                                },
                                "privileges":{
                                    "type":"keyword",
                                    "ignore_above":64
                                },
                                "uid":{
                                    "type":"keyword",
                                    "ignore_above":64
                                }
                            }
                        },
                        "hw_info":{
                            "properties":{
                                "bios_date":{
                                    "type":"keyword",
                                    "ignore_above":16
                                },
                                "bios_manufacturer":{
                                    "type":"keyword",
                                    "ignore_above":64
                                },
                                "bios_ver":{
                                    "type":"keyword",
                                    "ignore_above":16
                                },
                                "cpu_bits":{
                                    "type":"integer"
                                },
                                "cpu_cores":{
                                    "type":"integer"
                                },
                                "cpu_count":{
                                    "type":"integer"
                                },
                                "chasis":{
                                    "type":"keyword",
                                    "ignore_above":64
                                },
                                "desktop_display":{
                                    "properties":{
                                        "color_depth":{
                                            "type":"integer"
                                        },
                                        "physical_height":{
                                            "type":"integer"
                                        },
                                        "physical_orientation":{
                                            "type":"integer"
                                        },
                                        "physical_width":{
                                            "type":"integer"
                                        },
                                        "scale_factor":{
                                            "type":"integer"
                                        }
                                    }
                                },
                                "keyboard_information":{
                                    "properties":{
                                        "function_keys":{
                                            "type":"integer"
                                        },
                                        "ime":{
                                            "type":"keyword",
                                            "ignore_above":16
                                        },
                                        "keyboard_layout":{
                                            "type":"keyword",
                                            "ignore_above":16
                                        },
                                        "keyboard_subtype":{
                                            "type":"integer"
                                        },
                                        "keyboard_type":{
                                            "type":"keyword",
                                            "ignore_above":16
                                        }
                                    }
                                },
                                "cpu_speed":{
                                    "type":"integer"
                                },
                                "cpu_type":{
                                    "type":"keyword",
                                    "ignore_above":64
                                },
                                "ram_size":{
                                    "type":"integer"
                                },
                                "serial_number":{
                                    "type":"keyword",
                                    "ignore_above":64
                                }
                            }
                        },
			"hostname":{
			    "type":"text",
			    "fields":{
				"keyword":{
				    "type":"keyword",
				    "ignore_above":256
				}
			    }
			},
                        "hypervisor":{
                            "type":"keyword",
                            "ignore_above":32
                        },
                        "imei":{
                            "type":"keyword",
                            "ignore_above":16
                        },
                        "ip":{
                            "type":"ip"
                        },
                        "image":{
                            "properties":{
                                "name":{
                                    "type":"keyword",
                                    "ignore_above":128
                                },
                                "tag":{
                                    "type":"keyword",
                                    "ignore_above":128
                                },
                                "labels":{
                                    "type":"keyword",
                                    "ignore_above":128
                                },
                                "path":{
                                    "type":"keyword",
                                    "ignore_above":256
                                },
                                "uid":{
                                    "type":"keyword",
                                    "ignore_above":64
                                }
                            }
                        },
                        "instance_uid":{
                            "type":"keyword",
                            "ignore_above":64
                        },
                        "last_seen_time":{
                            "type":"date",
                            "format":"yyyy-MM-dd HH:mm:ss||yyyy-MM-dd||epoch_millis"
                        },
                        "last_seen_time_dt":{
                            "type":"date",
                            "format":"yyyy-MM-dd HH:mm:ss||yyyy-MM-dd||epoch_millis"
                        },
                        "mac":{
                            "type":"keyword",
                            "ignore_above":24
                        },
                        "is_managed":{
                            "type":"boolean"
                        },
                        "modified_time":{
                            "type":"date",
                            "format":"yyyy-MM-dd HH:mm:ss||yyyy-MM-dd||epoch_millis"
                        },
                        "modified_time_dt":{
                            "type":"date",
                            "format":"yyyy-MM-dd HH:mm:ss||yyyy-MM-dd||epoch_millis"
                        },
                        "name":{
                            "type":"keyword",
                            "ignore_above":256
                        },
                        "namespace_pid":{
                            "type":"integer"
                        },
                        "interface_uid":{
                            "type":"keyword",
                            "ignore_above":64
                        },
                        "interface_name":{
                            "type":"keyword",
                            "ignore_above":64
                        },
                        "network_interface":{
                            "properties":{
				"hostname":{
				    "type":"text",
				    "fields":{
					"keyword":{
					    "type":"keyword",
					    "ignore_above":256
					}
				    }
				},
                                "ip":{
                                    "type":"ip"
                                },
                                "mac":{
                                    "type":"keyword",
                                    "ignore_above":24
                                },
                                "name":{
                                    "type":"keyword",
                                    "ignore_above":256
                                },
                                "namespace":{
                                    "type":"keyword",
                                    "ignore_above":128
                                },
                                "subnet_prefix":{
                                    "type":"integer"
                                },
                                "type":{
                                    "type":"keyword",
                                    "ignore_above":16
                                },
                                "type_id":{
                                    "type":"integer"
                                },
                                "uid":{
                                    "type":"keyword",
                                    "ignore_above":64
                                }
                            }
                        },
                        "zone":{
                            "type":"keyword",
                            "ignore_above":64
                        },
                        "os":{
                            "properties":{
                                "cpu_bits":{
                                    "type":"integer"
                                },
                                "country":{
                                    "type":"keyword",
                                    "ignore_above":2
                                },
                                "lang":{
                                    "type":"keyword",
                                    "ignore_above":2
                                },
                                "name":{
                                    "type":"keyword",
                                    "ignore_above":64
                                },
                                "build":{
                                    "type":"keyword",
                                    "ignore_above":64
                                },
                                "edition":{
                                    "type":"keyword",
                                    "ignore_above":64
                                },
                                "sp_name":{
                                    "type":"keyword",
                                    "ignore_above":64
                                },
                                "sp_ver":{
                                    "type":"integer"
                                },
                                "cpe_name":{
                                    "type":"keyword",
                                    "ignore_above":64
                                },
                                "type":{
                                    "type":"keyword",
                                    "ignore_above":32
                                },
                                "type_id":{
                                    "type":"integer"
                                },
                                "version":{
                                    "type":"keyword",
                                    "ignore_above":64
                                }
                            }
                        },
                        "org":{
                            "properties":{
                                "name":{
                                    "type":"keyword",
                                    "ignore_above":128
                                },
                                "ou_uid":{
                                    "type":"keyword",
                                    "ignore_above":64
                                },
                                "ou_name":{
                                    "type":"keyword",
                                    "ignore_above":128
                                },
                                "uid":{
                                    "type":"keyword",
                                    "ignore_above":64
                                }
                            }
                        },
                        "is_personal":{
                            "type":"boolean"
                        },
                        "region":{
                            "type":"keyword",
                            "ignore_above":64
                        },
                        "risk_level":{
                            "type":"keyword",
                            "ignore_above":16
                        },
                        "risk_level_id":{
                            "type":"integer"
                        },
                        "risk_score":{
                            "type":"integer"
                        },
                        "subnet":{
                            "type":"keyword",
                            "ignore_above":16
                        },
                        "subnet_uid":{
                            "type":"keyword",
                            "ignore_above":64
                        },
                        "is_trusted":{
                            "type":"boolean"
                        },
                        "type":{
                            "type":"keyword",
                            "ignore_above":16
                        },
                        "type_id":{
                            "type":"integer"
                        },
                        "uid":{
                            "type":"keyword",
                            "ignore_above":64
                        },
                        "vlan_uid":{
                            "type":"keyword",
                            "ignore_above":64
                        },
                        "vpc_uid":{
                            "type":"keyword",
                            "ignore_above":64
                        }
                    }
                }
            }
        }
    }
}
