{
    "template":{
        "mappings":{
            "properties":{
                "finding_info":{
                    "properties":{
                        "analytic":{
                            "properties":{
                                "category":{
                                    "type":"keyword",
                                    "ignore_above":64
                                },
                                "desc":{
                                    "type":"text",
                                    "fields":{
                                        "keyword":{
                                            "type":"keyword",
                                            "ignore_above":256
                                        }
                                    }
                                },
                                "name":{
                                    "type":"keyword",
                                    "ignore_above":64
                                },
                                "type":{
                                    "type":"keyword",
                                    "ignore_above":64
                                },
                                "type_id":{
                                    "type":"integer"
                                },
                                "uid":{
                                    "type":"keyword",
                                    "ignore_above":64
                                },
                                "version":{
                                    "type":"keyword",
                                    "ignore_above":16
                                }
                            }
                        },
                        "created_time":{
                            "type":"date",
                            "format":"yyyy-MM-dd'T'HH:mm:ss.SSSZ||epoch_millis"
                        },
                        "created_time_dt":{
                            "type":"date",
                            "format":"yyyy-MM-dd'T'HH:mm:ss.SSSZ||epoch_millis"
                        },
                        "data_sources":{
                            "type":"text",
                            "fields":{
                                "keyword":{
                                    "type":"keyword",
                                    "ignore_above":1024
                                }
                            }
                        },
                        "desc":{
                            "type":"text",
                            "fields":{
                                "keyword":{
                                    "type":"keyword",
                                    "ignore_above":256
                                }
                            }
                        },
                        "first_seen_time":{
                            "type":"date",
                            "format":"yyyy-MM-dd'T'HH:mm:ss.SSSZ||epoch_millis"
                        },
                        "first_seen_time_dt":{
                            "type":"date",
                            "format":"yyyy-MM-dd'T'HH:mm:ss.SSSZ||epoch_millis"
                        },
                        "kill_chain":{
                            "properties":{
                                "phase":{
                                    "type":"keyword",
                                    "ignore_above":32
                                },
                                "phase_id":{
                                    "type":"integer"
                                }
                            }
                        },
                        "last_seen_time":{
                            "type":"date",
                            "format":"yyyy-MM-dd'T'HH:mm:ss.SSSZ||epoch_millis"
                        },
                        "last_seen_time_dt":{
                            "type":"date",
                            "format":"yyyy-MM-dd'T'HH:mm:ss.SSSZ||epoch_millis"
                        },
                        "attacks":{
                            "properties":{
                                "sub_technique":{
                                    "properties":{
                                        "name":{
                                            "type":"keyword",
                                            "ignore_above":64
                                        },
                                        "uid":{
                                            "type":"keyword",
                                            "ignore_above":64
                                        },
                                        "src_url":{
                                            "type":"text",
                                            "fields":{
                                                "keyword":{
                                                    "type":"keyword",
                                                    "ignore_above":1024
                                                }
                                            }
                                        }
                                    }
                                },
                                "tactic":{
                                    "properties":{
                                        "name":{
                                            "type":"keyword",
                                            "ignore_above":64
                                        },
                                        "uid":{
                                            "type":"keyword",
                                            "ignore_above":64
                                        },
                                        "src_url":{
                                            "type":"text",
                                            "fields":{
                                                "keyword":{
                                                    "type":"keyword",
                                                    "ignore_above":1024
                                                }
                                            }
                                        }
                                    }
                                },
                                "tactics":{
                                    "properties":{
                                        "name":{
                                            "type":"keyword",
                                            "ignore_above":64
                                        },
                                        "uid":{
                                            "type":"keyword",
                                            "ignore_above":64
                                        },
                                        "src_url":{
                                            "type":"text",
                                            "fields":{
                                                "keyword":{
                                                    "type":"keyword",
                                                    "ignore_above":1024
                                                }
                                            }
                                        }
                                    }
                                },
                                "technique":{
                                    "properties":{
                                        "name":{
                                            "type":"keyword",
                                            "ignore_above":64
                                        },
                                        "uid":{
                                            "type":"keyword",
                                            "ignore_above":64
                                        },
                                        "src_url":{
                                            "type":"text",
                                            "fields":{
                                                "keyword":{
                                                    "type":"keyword",
                                                    "ignore_above":1024
                                                }
                                            }
                                        }
                                    }
                                },
                                "version":{
                                    "type":"keyword",
                                    "ignore_above":16
                                }
                            }
                        },
                        "modified_time":{
                            "type":"date",
                            "format":"yyyy-MM-dd'T'HH:mm:ss.SSSZ||epoch_millis"
                        },
                        "modified_time_dt":{
                            "type":"date",
                            "format":"yyyy-MM-dd'T'HH:mm:ss.SSSZ||epoch_millis"
                        },
                        "product_uid":{
                            "type":"keyword",
                            "ignore_above":64
                        },
                        "related_events":{
                            "properties":{
                                "kill_chain":{
                                    "properties":{
                                        "phase":{
                                            "type":"keyword",
                                            "ignore_above":32
                                        },
                                        "phase_id":{
                                            "type":"integer"
                                        }
                                    }
                                },
                                "attacks":{
                                    "properties":{
                                        "sub_technique":{
                                            "properties":{
                                                "name":{
                                                    "type":"keyword",
                                                    "ignore_above":64
                                                },
                                                "uid":{
                                                    "type":"keyword",
                                                    "ignore_above":64
                                                },
                                                "src_url":{
                                                    "type":"text",
                                                    "fields":{
                                                        "keyword":{
                                                            "type":"keyword",
                                                            "ignore_above":1024
                                                        }
                                                    }
                                                }
                                            }
                                        },
                                        "tactic":{
                                            "properties":{
                                                "name":{
                                                    "type":"keyword",
                                                    "ignore_above":64
                                                },
                                                "uid":{
                                                    "type":"keyword",
                                                    "ignore_above":64
                                                },
                                                "src_url":{
                                                    "type":"text",
                                                    "fields":{
                                                        "keyword":{
                                                            "type":"keyword",
                                                            "ignore_above":1024
                                                        }
                                                    }
                                                }
                                            }
                                        },
                                        "tactics":{
                                            "properties":{
                                                "name":{
                                                    "type":"keyword",
                                                    "ignore_above":64
                                                },
                                                "uid":{
                                                    "type":"keyword",
                                                    "ignore_above":64
                                                },
                                                "src_url":{
                                                    "type":"text",
                                                    "fields":{
                                                        "keyword":{
                                                            "type":"keyword",
                                                            "ignore_above":1024
                                                        }
                                                    }
                                                }
                                            }
                                        },
                                        "technique":{
                                            "properties":{
                                                "name":{
                                                    "type":"keyword",
                                                    "ignore_above":64
                                                },
                                                "uid":{
                                                    "type":"keyword",
                                                    "ignore_above":64
                                                },
                                                "src_url":{
                                                    "type":"text",
                                                    "fields":{
                                                        "keyword":{
                                                            "type":"keyword",
                                                            "ignore_above":1024
                                                        }
                                                    }
                                                }
                                            }
                                        },
                                        "version":{
                                            "type":"keyword",
                                            "ignore_above":16
                                        }
                                    }
                                },
                                "observables":{
                                    "properties":{
                                        "name":{
                                            "type":"keyword",
                                            "ignore_above":64
                                        },
                                        "reputation":{
                                            "properties":{
                                                "provider":{
                                                    "type":"keyword",
                                                    "ignore_above":64
                                                },
                                                "base_score":{
                                                    "type":"float"
                                                },
                                                "score":{
                                                    "type":"keyword",
                                                    "ignore_above":64
                                                },
                                                "score_id":{
                                                    "type":"integer"
                                                }
                                            }
                                        },
                                        "type":{
                                            "type":"keyword",
                                            "ignore_above":64
                                        },
                                        "type_id":{
                                            "type":"integer"
                                        },
                                        "value":{
                                            "type":"keyword",
                                            "ignore_above":64
                                        }
                                    }
                                },
                                "product_uid":{
                                    "type":"keyword",
                                    "ignore_above":64
                                },
                                "type":{
                                    "type":"keyword",
                                    "ignore_above":64
                                },
                                "type_uid":{
                                    "type":"keyword",
                                    "ignore_above":64
                                },
                                "uid":{
                                    "type":"keyword",
                                    "ignore_above":64
                                }
                            }
                        },
                        "related_analytics":{
                            "properties":{
                                "category":{
                                    "type":"keyword",
                                    "ignore_above":64
                                },
                                "desc":{
                                    "type":"text",
                                    "fields":{
                                        "keyword":{
                                            "type":"keyword",
                                            "ignore_above":256
                                        }
                                    }
                                },
                                "name":{
                                    "type":"keyword",
                                    "ignore_above":64
                                },
                                "type":{
                                    "type":"keyword",
                                    "ignore_above":64
                                },
                                "type_id":{
                                    "type":"integer"
                                },
                                "uid":{
                                    "type":"keyword",
                                    "ignore_above":64
                                },
                                "version":{
                                    "type":"keyword",
                                    "ignore_above":16
                                }
                            }
                        },
                        "src_url":{
                            "type":"text",
                            "fields":{
                                "keyword":{
                                    "type":"keyword",
                                    "ignore_above":1024
                                }
                            }
                        },
                        "title":{
                            "type":"keyword",
                            "ignore_above":128
                        },
                        "types":{
                            "type":"keyword",
                            "ignore_above":64
                        },
                        "uid":{
                            "type":"keyword",
                            "ignore_above":64
                        }
                    }
                }
            }
        }
    }
}
