{
    "template":{
        "mappings":{
            "properties":{
                "labels":{
                    "type":"text",
                    "fields":{
                        "keyword":{
                            "type":"keyword",
                            "ignore_above":256
                        }
                    }
                },
                "name":{
                    "type":"keyword",
                    "ignore_above":64
                },
                "uid":{
                    "type":"keyword",
                    "ignore_above":32
                },
                "version":{
                    "type":"keyword",
                    "ignore_above":64
                }
            }
        }
    }
}
