{
    "template":{
        "mappings":{
            "properties":{
                "database":{
                    "properties":{
                        "created_time":{
                            "type":"date",
                            "format":"yyyy-MM-dd'T'HH:mm:ss.SSSZ||epoch_millis"
                        },
                        "created_time_dt":{
                            "type":"date",
                            "format":"yyyy-MM-dd'T'HH:mm:ss.SSSZ||epoch_millis"
                        },
                        "desc":{
                            "type":"text",
                            "fields":{
                                "keyword":{
                                    "type":"keyword",
                                    "ignore_above":256
                                }
                            }
                        },
                        "groups":{
                            "properties":{
                                "type":{
                                    "type":"keyword",
                                    "ignore_above":64
                                },
                                "desc":{
                                    "type":"text",
                                    "fields":{
                                        "keyword":{
                                            "type":"keyword",
                                            "ignore_above":256
                                        }
                                    }
                                },
                                "domain":{
                                    "type":"keyword",
                                    "ignore_above":64
                                },
                                "name":{
                                    "type":"keyword",
                                    "ignore_above":64
                                },
                                "privileges":{
                                    "type":"keyword",
                                    "ignore_above":64
                                },
                                "uid":{
                                    "type":"keyword",
                                    "ignore_above":64
                                }
                            }
                        },
                        "modified_time":{
                            "type":"date",
                            "format":"yyyy-MM-dd'T'HH:mm:ss.SSSZ||epoch_millis"
                        },
                        "modified_time_dt":{
                            "type":"date",
                            "format":"yyyy-MM-dd'T'HH:mm:ss.SSSZ||epoch_millis"
                        },
                        "name":{
                            "type":"keyword",
                            "ignore_above":256
                        },
                        "size":{
                            "type":"long"
                        },
                        "type":{
                            "type":"keyword",
                            "ignore_above":64
                        },
                        "type_id":{
                            "type":"integer"
                        },
                        "uid":{
                            "type":"keyword",
                            "ignore_above":256
                        }
                    }
                }
            }
        }
    }
}
