{
    "template":{
        "mappings":{
            "properties":{
                "cloud":{
                    "properties":{
                        "account":{
                            "properties":{
                                "name":{
                                    "type":"keyword",
                                    "ignore_above":128
                                },
                                "type":{
                                    "type":"keyword",
                                    "ignore_above":64
                                },
                                "type_id":{
                                    "type":"integer"
                                },
                                "uid":{
                                    "type":"keyword",
                                    "ignore_above":64
                                }
                            }
                        },
                        "org":{
                            "properties":{
                                "name":{
                                    "type":"keyword",
                                    "ignore_above":128
                                },
                                "ou_uid":{
                                    "type":"keyword",
                                    "ignore_above":64
                                },
                                "ou_name":{
                                    "type":"keyword",
                                    "ignore_above":128
                                },
                                "uid":{
                                    "type":"keyword",
                                    "ignore_above":64
                                }
                            }
                        },
                        "zone":{
                            "type":"keyword",
                            "ignore_above":64
                        },
                        "project_uid":{
                            "type":"keyword",
                            "ignore_above":64
                        },
                        "provider":{
                            "type":"keyword",
                            "ignore_above":64
                        },
                        "region":{
                            "type":"keyword",
                            "ignore_above":64
                        }
                    }
                }
            }
        }
    }
}
