{
    "index_patterns":[
        "ocsf-1.1.0-6007*"
    ],
    "template":{
        "settings":{
            "index.number_of_shards":1,
            "index.number_of_replicas":1,
            "index.max_docvalue_fields_search":400,
            "index.mapping.total_fields.limit":4000
        },
        "mappings":{
            "properties":{
                "command_uid":{
                    "type":"keyword",
                    "ignore_above":256
                },
                "num_detections":{
                    "type":"integer"
                },
                "scan":{
                    "properties":{
                        "name":{
                            "type":"keyword",
                            "ignore_above":64
                        },
                        "uid":{
                            "type":"keyword",
                            "ignore_above":256
                        },
                        "type":{
                            "type":"keyword",
                            "ignore_above":64
                        },
                        "type_id":{
                            "type":"integer"
                        }
                    }
                },
                "num_files":{
                    "type":"integer"
                },
                "num_folders":{
                    "type":"integer"
                },
                "num_network_items":{
                    "type":"integer"
                },
                "num_processes":{
                    "type":"integer"
                },
                "num_registry_items":{
                    "type":"integer"
                },
                "schedule_uid":{
                    "type":"keyword",
                    "ignore_above":64
                },
                "num_skipped_items":{
                    "type":"integer"
                },
                "num_trusted_items":{
                    "type":"integer"
                }
            }
        }
    },
    "composed_of":[
        "ocsf_1_1_0_base_event",
        "ocsf_1_1_0_api",
        "ocsf_1_1_0_cloud",
        "ocsf_1_1_0_connection_info",
        "ocsf_1_1_0_dst_endpoint",
        "ocsf_1_1_0_enrichments",
        "ocsf_1_1_0_file",
        "ocsf_1_1_0_metadata",
        "ocsf_1_1_0_observables",
        "ocsf_1_1_0_policy",
        "ocsf_1_1_0_src_endpoint"
    ],
    "version":1,
    "_meta":{
        "description":"Scan Activity - 6007 - schema version OSCF v.1.1.0"
    }
}