{
    "index_patterns":[
        "ocsf-1.1.0-4003*"
    ],
    "template":{
        "settings":{
            "index.plugins.index_state_management.rollover_alias": "ocsf-1.1.0-4003-dns_activity",
            "number_of_shards":1,
            "number_of_replicas":1,
            "index.max_docvalue_fields_search":400,
            "index.mapping.total_fields.limit":4000
        },
        "mappings":{
            "properties":{
                "action":{
                    "type":"keyword",
                    "ignore_above":64
                },
                "action_id":{
                    "type":"integer"
                },
                "app_name":{
                    "type":"keyword",
                    "ignore_above":64
                },
                "disposition":{
                    "type":"keyword",
                    "ignore_above":16
                },
                "disposition_id":{
                    "type":"integer"
                },
                "query_time":{
                    "type":"date",
                    "format":"yyyy-MM-dd'T'HH:mm:ss.SSSZ||epoch_millis"
                },
                "query_time_dt":{
                    "type":"date",
                    "format":"yyyy-MM-dd'T'HH:mm:ss.SSSZ||epoch_millis"
                },
                "rcode":{
                    "type":"keyword",
                    "ignore_above":16
                },
                "rcode_id":{
                    "type":"integer"
                },
                "response_time":{
                    "type":"date",
                    "format":"yyyy-MM-dd'T'HH:mm:ss.SSSZ||epoch_millis"
                },
                "response_time_dt":{
                    "type":"date",
                    "format":"yyyy-MM-dd'T'HH:mm:ss.SSSZ||epoch_millis"
                }
            }
        }
    },
    "composed_of":[
        "ocsf_1_1_0_api",
        "ocsf_1_1_0_actor",
        "ocsf_1_1_0_answers",
        "ocsf_1_1_0_attacks",
        "ocsf_1_1_0_authorizations",
        "ocsf_1_1_0_base_event",
        "ocsf_1_1_0_cloud",
        "ocsf_1_1_0_proxy_connection_information",
        "ocsf_1_1_0_device",
        "ocsf_1_1_0_dst_endpoint",
        "ocsf_1_1_0_enrichments",
        "ocsf_1_1_0_firewall_rule",
        "ocsf_1_1_0_load_balancer",
        "ocsf_1_1_0_malware",
        "ocsf_1_1_0_metadata",
        "ocsf_1_1_0_observables",
        "ocsf_1_1_0_proxy_endpoint",
        "ocsf_1_1_0_proxy_http_request",
        "ocsf_1_1_0_proxy_http_response",
        "ocsf_1_1_0_proxy_tls",
        "ocsf_1_1_0_proxy_traffic",
        "ocsf_1_1_0_query",
        "ocsf_1_1_0_src_endpoint",
        "ocsf_1_1_0_tls",
        "ocsf_1_1_0_traffic"
    ],
    "version":1,
    "_meta":{
        "description":"4003 DNS Activity - schema version OCSF v1.1.0"
    }
}

