{
    "index_patterns":[
        "ocsf-1.1.0-6005*"
    ],
    "template":{
        "settings":{
            "index.number_of_shards":1,
            "index.number_of_replicas":1,
            "index.max_docvalue_fields_search":400,
            "index.mapping.total_fields.limit":4000
        }    
    },
    "composed_of":[
        "ocsf_1_1_0_base_event",
        "ocsf_1_1_0_api",
        "ocsf_1_1_0_actor",
        "ocsf_1_1_0_cloud",
        "ocsf_1_1_0_database",
        "ocsf_1_1_0_databucket",
        "ocsf_1_1_0_dst_endpoint",
        "ocsf_1_1_0_enrichments",
        "ocsf_1_1_0_http_request",
        "ocsf_1_1_0_metadata",
        "ocsf_1_1_0_observables",
        "ocsf_1_1_0_query_info",
        "ocsf_1_1_0_src_endpoint",
        "ocsf_1_1_0_table"

    ],
    "version":1,
    "_meta":{
        "description":"Datastore activity - 6005 - schema version OCSF v1.1.0"
    }
}

