{
    "index_patterns":[
        "ocsf-1.1.0-1003*"
    ],
    "template":{
        "settings":{
            "number_of_shards":1,
            "number_of_replicas":1,
            "index.max_docvalue_fields_search":400,
            "index.mapping.total_fields.limit":4000 
        },
        "mappings":{
            "properties":{
                "action":{
                    "type":"keyword",
                    "ignore_above":64
                },
                "action_id":{
                    "type":"integer"
                },
                "disposition":{
                    "type":"keyword",
                    "ignore_above":64
                },
                "disposition_id":{
                    "type":"integer"
                },
		"kernel":{
		    "properties" :{
			"name":{
			    "type":"keyword",
			    "ignore_above":64
			},
			"path":{
			    "type":"keyword",
			    "ignore_above":1024
			},
			"is_system":{
			    "type":"boolean"
			},
			"system_call":{
			    "type":"keyword",
			    "ignore_above":64
			},
			"type":{
			    "type":"keyword",
			    "ignore_above":64
			},
			"type_id":{
			    "type":"integer"
			}
		    }
		}
            }
        }
    },
    "composed_of":[
        "ocsf_1_1_0_base_event",
        "ocsf_1_1_0_api",
        "ocsf_1_1_0_actor",
        "ocsf_1_1_0_authorizations",
        "ocsf_1_1_0_attacks",
        "ocsf_1_1_0_cloud",
        "ocsf_1_1_0_device",
        "ocsf_1_1_0_enrichments",
        "ocsf_1_1_0_firewall_rule",
        "ocsf_1_1_0_malware",
        "ocsf_1_1_0_metadata",
        "ocsf_1_1_0_observables"
    ],
    "version":1,
    "_meta":{
        "description":"Kernel Activity - 1003 - schema version OCSF v1.1.0"
    }
}


