{
    "index_patterns":[
        "ocsf-1.1.0-3004*"
    ],
    "template":{
        "settings":{
            "index.number_of_shards":1,
            "index.number_of_replicas":1,
            "index.max_docvalue_fields_search":400,
            "index.mapping.total_fields.limit":4000
        },
        "mappings":{
            "properties":{
                "comment":{
                    "type":"text",
                    "fields":{
                        "keyword":{
                            "type":"keyword",
                            "ignore_above":256
                        }
                    }
                }
            }
        }
    },
    "composed_of":[
        "ocsf_1_1_0_base_event",
        "ocsf_1_1_0_api",
        "ocsf_1_1_0_actor",
        "ocsf_1_1_0_authorizations",
        "ocsf_1_1_0_attacks",
        "ocsf_1_1_0_cloud",
        "ocsf_1_1_0_device",
        "ocsf_1_1_0_enrichments",
        "ocsf_1_1_0_entity",
        "ocsf_1_1_0_entity_result",
        "ocsf_1_1_0_metadata",
        "ocsf_1_1_0_observables"
    ],
    "version":1,
    "_meta":{
        "description":"Entity Management - 3004 - schema version OCSF v1.1.0"
    }
}