{
    "template":{
        "mappings":{
            "properties":{
                "vulnerabilities":{
                    "properties":{
                        "cve":{
                            "properties":{
                                "uid":{
                                    "type":"keyword",
                                    "ignore_above":48
                                },
                                "cvss":{
                                    "properties":{
                                        "base_score":{
                                            "type":"float"
                                        },
                                        "depth":{
                                            "type":"keyword",
                                            "ignore_above":16
                                        },
                                        "metrics":{
                                            "properties":{
                                                "name":{
                                                    "type":"keyword",
                                                    "ignore_above":64
                                                },
                                                "value":{
                                                    "type":"keyword",
                                                    "ignore_above":256
                                                }
                                            }
                                        },
                                        "overall_score":{
                                            "type":"float"
                                        },
                                        
                                        "severity":{
                                            "type":"keyword",
                                            "ignore_above":32
                                        },
                                        "vector_string":{
                                            "type":"keyword",
                                            "ignore_above":128
                                        },
                                        "version":{
                                            "type":"keyword",
                                            "ignore_above":64
                                        }
                                    }
                                },
                                "cwe_uid":{
                                    "type":"keyword",
                                    "ignore_above":48
                                },                                
                                "cwe_url":{
                                    "type":"keyword",
                                    "ignore_above":256
                                },
                                "product":{
                                    "properties":{
                                        "feature":{
                                            "properties":{
                                                "uid":{
                                                    "type":"keyword",
                                                    "ignore_above":48
                                                },
                                                "name":{
                                                    "type":"keyword",
                                                    "ignore_above":128
                                                },
                                                "version":{
                                                    "type":"keyword",
                                                    "ignore_above":32
                                                }
                                            }
                                        },
                                        "lang":{
                                            "type":"keyword",
                                            "ignore_above":6
                                        },
                                        "uid":{
                                            "type":"keyword",
                                            "ignore_above":48
                                        },
                                        "name":{
                                            "type":"keyword",
                                            "ignore_above":128
                                        },
                                        "vendor_name":{
                                            "type":"keyword",
                                            "ignore_above":128
                                        },
                                        "version":{
                                            "type":"keyword",
                                            "ignore_above":32
                                        },
                                        "path":{
                                            "type":"text",
                                            "fields":{
                                                "keyword":{
                                                    "type":"keyword",
                                                    "ignore_above":256
                                                }
                                            }
                                        }
                                    }
                                },
                                "created_time":{
                                    "type":"date",
                                    "format":"yyyy-MM-dd'T'HH:mm:ss.SSSZ||epoch_millis"
                                },
                                "created_time_dt":{
                                    "type":"date",
                                    "format":"yyyy-MM-dd'T'HH:mm:ss.SSSZ||epoch_millis"
                                },
                                "modified_time":{
                                    "type":"date",
                                    "format":"yyyy-MM-dd'T'HH:mm:ss.SSSZ||epoch_millis"
                                },
                                "modified_time_dt":{
                                    "type":"date",
                                    "format":"yyyy-MM-dd'T'HH:mm:ss.SSSZ||epoch_millis"
                                },
                                "type":{
                                    "type":"keyword",
                                    "ignore_above":48
                                }                                                                
                            }
                        },
                        "desc":{
                            "type":"keyword",
                            "ignore_above":256
                        },
                        "kb_articles":{
                            "type":"keyword",
                            "ignore_above":256
                        },
                        "references":{
                            "type":"keyword",
                            "ignore_above":256
                        },
                        "related_vulnerabilities":{
                            "type":"keyword",
                            "ignore_above":256
                        },
                        "severity":{
                            "type":"keyword",
                            "ignore_above":32
                        },                        
                        "packages":{
                            "properties":{
                                "name":{
                                    "type":"keyword",
                                    "ignore_above":256
                                },
                                "uid":{
                                    "type":"keyword",
                                    "ignore_above":48
                                }
                            }
                        },
                        "title":{
                            "type":"keyword",
                            "ignore_above":128
                        },
                        "vendor_name":{
                            "type":"keyword",
                            "ignore_above":128
                        }
                    }
                }
            }
        }
    }
}








