{
    "template":{
        "mappings":{
            "properties":{
                "response_elements":{
                    "properties":{
                        "container":{
                            "properties":{
                                "hash":{
                                    "properties":{
                                        "algorithm":{
                                            "type":"keyword",
                                            "ignore_above":64
                                        },
                                        "algorithm_id":{
                                            "type":"integer"
                                        },
                                        "value":{
                                            "type":"keyword",
                                            "ignore_above":1024
                                        }
                                    }
                                },
                                "image":{
                                    "properties":{
                                        "name":{
                                            "type":"keyword",
                                            "ignore_above":128
                                        },
                                        "tag":{
                                            "type":"keyword",
                                            "ignore_above":128
                                        },
                                        "labels":{
                                            "type":"keyword",
                                            "ignore_above":128
                                        },
                                        "path":{
                                            "type":"keyword",
                                            "ignore_above":256
                                        },
                                        "uid":{
                                            "type":"keyword",
                                            "ignore_above":64
                                        }
                                    }
                                },
                                "tag":{
                                    "type":"keyword",
                                    "ignore_above":128
                                },
                                "name":{
                                    "type":"keyword",
                                    "ignore_above":128
                                },
                                "network_driver":{
                                    "type":"keyword",
                                    "ignore_above":64
                                },
                                "orchestrator":{
                                    "type":"keyword",
                                    "ignore_above":64
                                },
                                "pod_uuid":{
                                    "type":"keyword",
                                    "ignore_above":64
                                },
                                "runtime":{
                                    "type":"keyword",
                                    "ignore_above":48
                                },
                                "size":{
                                    "type":"long"
                                },
                                "uid":{
                                    "type":"keyword",
                                    "ignore_above":64
                                }
                            }
                        },
                        "data":{
                            "type":"object"
                        },
                        "error":{
                            "type":"keyword",
                            "ignore_above":32
                        },
                        "error_message":{
                            "type":"text",
                            "fields":{
                                "keyword":{
                                    "type":"keyword",
                                    "ignore_above":256
                                }
                            }
                        },
                        "flags":{
                            "type":"keyword",
                            "ignore_above":64
                        },
                        "message":{
                            "type":"text",
                            "fields":{
                                "keyword":{
                                    "type":"keyword",
                                    "ignore_above":256
                                }
                            }
                        },
                        "code":{
                            "type":"keyword",
                            "ignore_above":32
                        }
                    }
                }
            }
        }
    }
}
