{
    "index_patterns":[
        "ocsf-1.1.0-6002*"
    ],
    "template":{
        "settings":{
            "index.number_of_shards":3,
            "index.number_of_replicas":1,
            "index.mapping.total_fields.limit": 3000
        }    
    },
    "composed_of":[
        "ocsf_1_1_0_base_event",
        "ocsf_1_1_0_api",
        "ocsf_1_1_0_actor",
        "ocsf_1_1_0_app",
        "ocsf_1_1_0_cloud",
        "ocsf_1_1_0_device",
        "ocsf_1_1_0_enrichments",
        "ocsf_1_1_0_metadata",
        "ocsf_1_1_0_observables"  
    ],
    "version":1,
    "_meta":{
        "description":"Application Lifecycle - 6002 - schema version OCSF v1.1.0"
    }
}

