{
    "index_patterns":[
        "ocsf-1.1.0-4006*"
    ],
    "template":{
        "settings":{
            "number_of_shards":3,
            "number_of_replicas":1,
            "index.mapping.total_fields.limit":4000
        },
        "mappings":{
            "properties":{
                "action":{
                    "type":"keyword",
                    "ignore_above":64
                },
                "action_id":{
                    "type":"integer"
                },
                "app_name":{
                    "type":"keyword",
                    "ignore_above":64
                },
                "command":{
                    "type":"text",
                    "fields":{
                        "keyword":{
                            "type":"keyword",
                            "ignore_above":32
                        }
                    }
                },
                "dialect":{
                    "type":"keyword",
                    "ignore_above":64
                },
                "dispostion":{
                    "type":"keyword",
                    "ignore_above":64
                },
                "disposition_id":{
                    "type":"integer"
                },
                "open_type":{
                    "type":"keyword",
                    "ignore_above":32
                },
                "share":{
                    "type":"keyword",
                    "ignore_above":64
                },
                "share_type":{
                    "type":"keyword",
                    "ignore_above":64
                },
                "share_type_id":{
                    "type":"integer"
                },
                "tree_uid":{
                    "type":"keyword",
                    "ignore_above":64
                }		
            }
        }
    },
    "composed_of":[
        "ocsf_1_1_0_api",
        "ocsf_1_1_0_actor",
        "ocsf_1_1_0_attacks",
        "ocsf_1_1_0_authorizations",
        "ocsf_1_1_0_base_event",
        "ocsf_1_1_0_cloud",
        "ocsf_1_1_0_connection_info",
        "ocsf_1_1_0_dst_endpoint",
	"ocsf_1_1_0_dce_rpc",
        "ocsf_1_1_0_device",
        "ocsf_1_1_0_enrichments",
	"ocsf_1_1_0_file",
        "ocsf_1_1_0_firewall_rule",
        "ocsf_1_1_0_load_balancer",
        "ocsf_1_1_0_malware",
        "ocsf_1_1_0_metadata",
        "ocsf_1_1_0_observables",
        "ocsf_1_1_0_proxy_endpoint",
        "ocsf_1_1_0_proxy_connection_information",
        "ocsf_1_1_0_proxy_http_request",
        "ocsf_1_1_0_proxy_http_response",
        "ocsf_1_1_0_proxy_tls",
        "ocsf_1_1_0_proxy_traffic",
        "ocsf_1_1_0_src_endpoint",
        "ocsf_1_1_0_tls",
        "ocsf_1_1_0_traffic"
    ],
    "version":1,
    "_meta":{
        "description":"4006 SMB Activity - schema version OCSF v1.1.0"
    }
}

