{
    "index_patterns":[
        "ocsf-1.1.0-2004*"
    ],
    "template":{
        "settings":{
            "index.plugins.index_state_management.rollover_alias": "ocsf-1.1.0-2004-detection_finding",
            "number_of_shards":1,
            "number_of_replicas":1,
            "index.mapping.total_fields.limit":4000 
        },
        "mappings":{
            "properties":{
                "action":{
                    "type":"keyword",
                    "ignore_above":64
                },
                "action_id":{
                    "type":"integer"
                },
                "confidence":{
                    "type":"keyword",
                    "ignore_above":64
                },
                "confidence_id":{
                    "type":"integer"
                },
                "confidence_score":{
                    "type":"integer"
                },
                "comment":{
                    "type":"text",
                    "fields":{
                        "keyword":{
                            "type":"keyword",
                            "ignore_above":256
                        }
                    }
                },
                "dispostion":{
                    "type":"keyword",
                    "ignore_above":64
                },
                "disposition_id":{
                    "type":"integer"
                },
                "impact":{
                    "type":"keyword",
                    "ignore_above":64
                },
                "impact_id":{
                    "type":"integer"
                },
                "impact_score":{
                    "type":"integer"
                }
            }
        }
    },
    "composed_of":[
        "ocsf_1_1_0_base_event",
        "ocsf_1_1_0_api",
        "ocsf_1_1_0_actor",
	    "ocsf_1_1_0_attacks",
	    "ocsf_1_1_0_authorizations",
        "ocsf_1_1_0_cloud",
        "ocsf_1_1_0_device",
        "ocsf_1_1_0_enrichments",
	    "ocsf_1_1_0_evidences",
        "ocsf_1_1_0_finding_info",
	    "ocsf_1_1_0_firewall_rule",
	    "ocsf_1_1_0_malware",
        "ocsf_1_1_0_metadata",
        "ocsf_1_1_0_observables",
        "ocsf_1_1_0_remediation",
        "ocsf_1_1_0_resources",
	    "ocsf_1_1_0_vulnerabilities"
    ],
    "version":1,
    "_meta":{
        "description":"Detection Finding - 2004 - schema version OCSF v1.1.0"
    }
}

