{
    "index_patterns":[
        "ocsf-1.1.0-2005*"
    ],
    "template":{
        "settings":{
            "number_of_shards":1,
            "number_of_replicas":1,
            "index.mapping.total_fields.limit":4000 
        },
        "mappings":{
            "properties":{
                "confidence":{
                    "type":"keyword",
                    "ignore_above":64
                },
                "confidence_id":{
                    "type":"integer"
                },
                "confidence_score":{
                    "type":"integer"
                },
                "impact":{
                    "type":"keyword",
                    "ignore_above":64
                },
                "impact_id":{
                    "type":"integer"
                },
                "impact_score":{
                    "type":"integer"
                },
                "is_suspected_breach":{
                    "type":"boolean"
                },
                "src_url":{
                    "type":"text",
                    "fields":{
                        "keyword":{
                            "type":"keyword",
                            "ignore_above":1024
                        }
                    }
                },
                "verdict":{
                    "type":"keyword",
                    "ignore_above":64
                },
                "verdict_id":{
                    "type":"integer"
                }
            }
        }
    },
    "composed_of":[
        "ocsf_1_1_0_base_event",
        "ocsf_1_1_0_api",
        "ocsf_1_1_0_actor",
        "ocsf_1_1_0_assignee",
        "ocsf_1_1_0_assignee_group",
        "ocsf_1_1_0_attacks",
        "ocsf_1_1_0_cloud",
        "ocsf_1_1_0_enrichments",
        "ocsf_1_1_0_finding_info",
        "ocsf_1_1_0_metadata",
        "ocsf_1_1_0_observables"
    ],
    "version":1,
    "_meta":{
        "description":"Incident Finding - 2005 - schema version OCSF v1.1.0"
    }
}
