{
    "index_patterns":[
        "ocsf-1.1.0-1001*"
    ],
    "template":{
        "settings":{
            "index.plugins.index_state_management.rollover_alias": "ocsf-1.1.0-1001-file_system_activity",
            "number_of_shards":1,
            "number_of_replicas":1,
            "index.max_docvalue_fields_search":400,
            "index.mapping.total_fields.limit":4000
        },
        "mappings":{
            "properties":{
                "access_mask":{
                    "type":"integer"
                },
                "action":{
                    "type":"keyword",
                    "ignore_above":64
                },
                "action_id":{
                    "type":"integer"
                },
                "component":{
                    "type":"keyword",
                    "ignore_above":64
                },
                "connection_uid":{
                    "type":"keyword",
                    "ignore_above":64
                },
                "create_mask":{
                    "type":"keyword",
                    "ignore_above":64
                },
                "disposition":{
                    "type":"keyword",
                    "ignore_above":64
                },
                "disposition_id":{
                    "type":"integer"
                },
                "file_diff":{
                    "type":"keyword",
                    "ignore_above":1024
                }
            }
        }
    },
    "composed_of":[
        "ocsf_1_1_0_base_event",
        "ocsf_1_1_0_api",
        "ocsf_1_1_0_actor",
        "ocsf_1_1_0_authorizations",
        "ocsf_1_1_0_attacks",
        "ocsf_1_1_0_cloud",
        "ocsf_1_1_0_device",
        "ocsf_1_1_0_enrichments",
        "ocsf_1_1_0_file",
        "ocsf_1_1_0_file_result",
        "ocsf_1_1_0_firewall_rule",
        "ocsf_1_1_0_malware",
        "ocsf_1_1_0_metadata",
        "ocsf_1_1_0_observables"
    ],
    "version":1,
    "_meta":{
        "description":"File System Activity - 1001 - schema version OCSF v1.1.0"
    }
}
