{
    "index_patterns":[
        "ocsf-1.1.0-2003*"
    ],
    "template":{
        "settings":{
            "index.plugins.index_state_management.rollover_alias": "ocsf-1.1.0-2003-compliance_finding",
            "number_of_shards":1,
            "number_of_replicas":1,
            "index.mapping.total_fields.limit":4000 
        },
        "mappings":{
            "properties":{
                "confidence":{
                    "type":"keyword",
                    "ignore_above":64
                },
                "confidence_id":{
                    "type":"integer"
                },
                "confidence_score":{
                    "type":"integer"
                },
                "comment":{
                    "type":"text",
                    "fields":{
                        "keyword":{
                            "type":"keyword",
                            "ignore_above":256
                        }
                    }
                }
            }
        }
    },
    "composed_of":[
        "ocsf_1_1_0_base_event",
        "ocsf_1_1_0_api",
        "ocsf_1_1_0_actor",
        "ocsf_1_1_0_cloud",
	    "ocsf_1_1_0_compliance",
        "ocsf_1_1_0_device",
        "ocsf_1_1_0_enrichments",
        "ocsf_1_1_0_finding_info",
        "ocsf_1_1_0_metadata",
        "ocsf_1_1_0_observables",
        "ocsf_1_1_0_remediation",
        "ocsf_1_1_0_resource"
    ],
    "version":1,
    "_meta":{
        "description":"Compliance Finding - 2003 - schema version OCSF v1.1.0"
    }
}
