{
    "index_patterns":[
        "ocsf-1.1.0-3003*"
    ],
    "template":{
        "settings":{
            "index.number_of_shards":3,
            "index.number_of_replicas":1,
            "index.mapping.total_fields.limit":3000
        },
        "mappings":{
            "properties":{
                "privileges":{
                    "type":"text",
                    "fields":{
                        "keyword":{
                            "type":"keyword",
                            "ignore_above":256
                        }
                    }
                }
            }
        }
    },
    "composed_of":[
        "ocsf_1_1_0_base_event",
        "ocsf_1_1_0_api",
        "ocsf_1_1_0_actor",
        "ocsf_1_1_0_cloud",
        "ocsf_1_1_0_dst_endpoint",
        "ocsf_1_1_0_device",
        "ocsf_1_1_0_enrichments",
        "ocsf_1_1_0_group",
        "ocsf_1_1_0_metadata",
        "ocsf_1_1_0_observables",
        "ocsf_1_1_0_session",
        "ocsf_1_1_0_user"
    ],
    "version":1,
    "_meta":{
        "description":"Authorize Session - 3003 - schema version OCSF v1.1.0"
    }
}