{
    "index_patterns":[
        "ocsf-1.1.0-3002*"
    ],
    "template":{
        "settings":{
            "index.plugins.index_state_management.rollover_alias": "ocsf-1.1.0-3002-authentication",
            "index.number_of_shards":1,
            "index.number_of_replicas":1,
            "index.mapping.total_fields.limit": 3000
        },
        "mappings":{
            "properties":{
                "auth_protocol":{
                    "type":"keyword",
                    "ignore_above":32
                },
                "auth_protocol_id":{
                    "type":"integer"
                },
                "is_cleartext":{
                    "type":"boolean"
                },
                "logon_type":{
                    "type":"keyword",
                    "ignore_above":32
                },
                "logon_type_id":{
                    "type":"integer"
                },
                "message":{
                    "type":"text",
                    "fields":{
                        "keyword":{
                            "type":"keyword",
                            "ignore_above":256
                        }
                    }
                },
                "is_new_logon":{
                    "type":"boolean"
                },
                "is_remote":{
                    "type":"boolean"
                },
                "mfa":{
                    "type":"boolean"
                }                                                                                
            }
        }
    },
    "composed_of":[
        "ocsf_1_1_0_base_event",
        "ocsf_1_1_0_api",
        "ocsf_1_1_0_actor",
        "ocsf_1_1_0_attacks",
        "ocsf_1_1_0_cloud",
        "ocsf_1_1_0_dst_endpoint",
        "ocsf_1_1_0_enrichments",
        "ocsf_1_1_0_http_request",
        "ocsf_1_1_0_logon_process",
        "ocsf_1_1_0_metadata",
        "ocsf_1_1_0_observables",
        "ocsf_1_1_0_policy",
        "ocsf_1_1_0_service",
        "ocsf_1_1_0_session",
        "ocsf_1_1_0_src_endpoint",
        "ocsf_1_1_0_user"
    ],
    "version":1,
    "_meta":{
        "description":"3002 Authentication - schema version OCSF v1.1.0. Lacks the optional Certificate field"
    }
}

