{
    "index_patterns":[
        "ocsf-1.1.0-5019*"
    ],
    "template":{
        "settings":{
            "index.number_of_shards":1,
            "index.number_of_replicas":1,
            "index.mapping.total_fields.limit":3000
        },
        "mappings":{
            "properties":{
                "prev_security_level":{
                    "type":"keyword",
                    "ignore_above":64
                },
                "prev_security_level_id":{
                    "type":"integer"
                },
                "prev_security_states":{
                    "properties":{
                        "state":{
                            "type":"keyword",
                            "ignore_above":64
                        },
                        "state_id":{
                            "type":"integer"
                        }
                    }
                },
                "security_states":{
                    "properties":{
                        "state":{
                            "type":"keyword",
                            "ignore_above":64
                        },
                        "state_id":{
                            "type":"integer"
                        }
                    }
                }
            }
        }
    },
    "composed_of":[
        "ocsf_1_1_0_base_event",
        "ocsf_1_1_0_api",
        "ocsf_1_1_0_actor",
        "ocsf_1_1_0_cloud",
        "ocsf_1_1_0_device",
        "ocsf_1_1_0_enrichments",
        "ocsf_1_1_0_kb_article_list",
        "ocsf_1_1_0_metadata",
        "ocsf_1_1_0_observables"
    ],
    "version":1,
    "_meta":{
        "description":"Device Config State Change - 5019 - schema version OCSF v1.1.0"
    }
}