{
    "template":{
        "mappings":{
            "properties":{
                "tls":{
                    "properties":{
                        "certificate":{
                            "properties":{
                                "serial_number":{
                                    "type":"keyword",
                                    "ignore_above":64
                                },
                                "created_time":{
                                    "type":"date",
                                    "format":"yyyy-MM-dd'T'HH:mm:ss.SSSZ||epoch_millis"
                                },
                                "created_time_dt":{
                                    "type":"date",
                                    "format":"yyyy-MM-dd'T'HH:mm:ss.SSSZ||epoch_millis"
                                },
                                "expiration_time":{
                                    "type":"date",
                                    "format":"yyyy-MM-dd'T'HH:mm:ss.SSSZ||epoch_millis"
                                },
                                "expiration_time_dt":{
                                    "type":"date",
                                    "format":"yyyy-MM-dd'T'HH:mm:ss.SSSZ||epoch_millis"
                                },
                                "developer_uid":{
                                    "type":"keyword",
                                    "ignore_above":64
                                },
                                "fingerprints":{
                                    "properties":{
                                        "algorithm":{
                                            "type":"keyword",
                                            "ignore_above":64
                                        },
                                        "algorithm_id":{
                                            "type":"integer"
                                        },
                                        "value":{
                                            "type":"keyword",
                                            "ignore_above":1024
                                        }
                                    }
                                },
                                "issuer":{
                                    "type":"keyword",
                                    "ignore_above":64
                                },
                                "subject":{
                                    "type":"keyword",
                                    "ignore_above":64
                                },
                                "uid":{
                                    "type":"keyword",
                                    "ignore_above":64
                                },
                                "version":{
                                    "type":"keyword",
                                    "ignore_above":16
                                }
                            }
                        },
                        "certificate_chain":{
                            "type":"keyword",
                            "ignore_above":64
                        },
                        "cipher":{
                            "type":"keyword",
                            "ignore_above":64
                        },
                        "client_cyphers":{
                            "type":"keyword",
                            "ignore_above":64
                        },
                        "alert":{
                            "type":"integer"
                        },
                        "handshake_dur":{
                            "type":"integer"
                        },
                        "ja3_hash":{
                            "properties":{
                                "algorithm":{
                                    "type":"keyword",
                                    "ignore_above":64
                                },
                                "algorithm_id":{
                                    "type":"integer"
                                },
                                "value":{
                                    "type":"keyword",
                                    "ignore_above":1024
                                }
                            }
                        },
                        "ja3s_hash":{
                            "properties":{
                                "algorithm":{
                                    "type":"keyword",
                                    "ignore_above":64
                                },
                                "algorithm_id":{
                                    "type":"integer"
                                },
                                "value":{
                                    "type":"keyword",
                                    "ignore_above":1024
                                }
                            }
                        },
                        "key_length":{
                            "type":"integer"
                        },
                        "server_cyphers":{
                            "type":"keyword",
                            "ignore_above":64
                        },
                        "sni":{
                            "type":"keyword",
                            "ignore_above":64
                        },
                        "sans":{
                            "properties":{
                                "name":{
                                    "type":"keyword",
                                    "ignore_above":64
                                },
                                "type":{
                                    "type":"keyword",
                                    "ignore_above":64
                                }
                            }
                        },
                        "tls_extension_list":{
                            "properties":{
                                "algorithm":{
                                    "type":"keyword",
                                    "ignore_above":64
                                },
                                "algorithm_id":{
                                    "type":"integer"
                                },
                                "value":{
                                    "type":"keyword",
                                    "ignore_above":1024
                                }
                            }
                        },
                        "version":{
                            "type":"keyword",
                            "ignore_above":16
                        }
                    }
                }
            }
        }
    }
}

