{
    "template":{
        "mappings":{
            "properties":{
                "traffic":{
                    "properties":{
                        "bytes_in":{
                            "type":"long"
                        },
                        "bytes_out":{
                            "type":"long"
                        },
                        "chunks":{
                            "type":"long"
                        },
                        "chunks_in":{
                            "type":"long"
                        },
                        "chunks_out":{
                            "type":"long"
                        },
                        "packets_in":{
                            "type":"long"
                        },
                        "packets_out":{
                            "type":"long"
                        },
                        "bytes":{
                            "type":"long"
                        },
                        "packets":{
                            "type":"long"
                        }
                    }
                }
            }
        }
    }
}
