{
    "template":{
        "mappings":{
            "properties":{
                "logon_process":{
                    "properties":{
                        "cmd_line":{
                            "type":"keyword",
                            "ignore_above":256
                        },
                        "container":{
                            "properties":{
                                "hash":{
                                    "properties":{
                                        "algorithm":{
                                            "type":"keyword",
                                            "ignore_above":64
                                        },
                                        "algorithm_id":{
                                            "type":"integer"
                                        },
                                        "value":{
                                            "type":"keyword",
                                            "ignore_above":1024
                                        }
                                    }
                                },
                                "image":{
                                    "properties":{
                                        "name":{
                                            "type": "keyword",
                                            "ignore_above":1024
                                        },
                                        "tag":{
                                            "type": "keyword",
                                            "ignore_above":1024
                                        },
                                        "labels":{
                                            "type": "keyword",
                                            "ignore_above":48
                                        },
                                        "path":{
                                            "type": "keyword",
                                            "ignore_above":1024
                                        },
                                        "uid":{
                                            "type": "keyword",
                                            "ignore_above":1024
                                        }
                                    }
                                },
                                "tag":{
                                    "type": "keyword",
                                    "ignore_above":48
                                },
                                "name":{
                                    "type": "keyword",
                                    "ignore_above":48
                                },
                                "network_driver":{
                                    "type": "keyword",
                                    "ignore_above":48
                                },
                                "orchestrator":{
                                    "type": "keyword",
                                    "ignore_above":48
                                }, 
                                "pod_uuid":{
                                    "type": "keyword",
                                    "ignore_above":1024
                                },
                                "runtime":{
                                    "type": "keyword",
                                    "ignore_above":48
                                },
                                "size":{
                                    "type": "long"
                                },
                                "uid":{
                                    "type": "keyword",
                                    "ignore_above":48
                                }
                            }
                        },
                        "created_time":{
                            "type":"date",
                            "format":"yyyy-MM-dd'T'HH:mm:ss.SSSZ||epoch_millis"
                        },
                        "created_time_dt":{
                            "type":"date",
                            "format":"yyyy-MM-dd'T'HH:mm:ss.SSSZ||epoch_millis"
                        },
                        "xattributes":{
                            "type":"object"
                        },
                        "file":{
                            "properties":{
                                "accessed_time":{
                                    "type":"date",
                                    "format":"yyyy-MM-dd'T'HH:mm:ss.SSSZ||epoch_millis"
                                },
                                "accessed_time_dt":{
                                    "type":"date",
                                    "format":"yyyy-MM-dd'T'HH:mm:ss.SSSZ||epoch_millis"
                                },
                                "accessor":{
                                    "properties":{
                                        "account":{
                                            "properties":{
                                                "type":{
                                                    "type":"keyword",
                                                    "ignore_above":64
                                                },
                                                "name":{
                                                    "type":"keyword",
                                                    "ignore_above":64
                                                },
                                                "type_id":{
                                                    "type":"integer"
                                                },
                                                "uid":{
                                                    "type":"keyword",
                                                    "ignore_above":48
                                                }                           
                                            }
                                        },
                                        "uid_alt":{
                                            "type":"keyword",
                                            "ignore_above":48
                                        },
                                        "domain":{
                                            "type":"keyword",
                                            "ignore_above":64
                                        },
                                        "email_addr":{
                                            "type":"keyword",
                                            "ignore_above":128
                                        },
                                        "full_name":{
                                            "type":"keyword",
                                            "ignore_above":48
                                        },
                                        "groups:":{
                                            "properties":{
                                                "type":{
                                                    "type":"keyword",
                                                    "ignore_above":256
                                                },
                                                "desc":{
                                                    "type":"keyword",
                                                    "ignore_above":256
                                                },
                                                "domain":{
                                                    "type":"keyword",
                                                    "ignore_above":256
                                                },
                                                "name":{
                                                    "type":"keyword",
                                                    "ignore_above":256
                                                },
                                                "privileges":{
                                                    "type":"keyword",
                                                    "ignore_above":256
                                                },
                                                "uid":{
                                                    "type":"keyword",
                                                    "ignore_above":48
                                                }
                                            }
                                        },
                                        "ldap_person":{
                                            "properties":{
                                                "cost_center":{
                                                    "type":"keyword",
                                                    "ignore_above":64
                                                },
                                                "created_time":{
                                                    "type":"date",
                                                    "format":"yyyy-MM-dd'T'HH:mm:ss.SSSZ||epoch_millis"
                                                },
                                                "created_time_dt":{
                                                    "type":"date",
                                                    "format":"yyyy-MM-dd'T'HH:mm:ss.SSSZ||epoch_millis"
                                                },
                                                "deleted_time":{
                                                    "type":"date",
                                                    "format":"yyyy-MM-dd'T'HH:mm:ss.SSSZ||epoch_millis"
                                                },
                                                "deleted_time_dt":{
                                                    "type":"date",
                                                    "format":"yyyy-MM-dd'T'HH:mm:ss.SSSZ||epoch_millis"
                                                },
                                                "email_addrs":{
                                                    "type":"keyword",
                                                    "ignore_above":128
                                                },
                                                "employee_uid":{
                                                    "type":"keyword",
                                                    "ignore_above":48
                                                },
                                                "location":{
                                                    "properties":{
                                                        "city":{
                                                            "type":"keyword",
                                                            "ignore_above":64
                                                        },
                                                        "continent":{
                                                            "type":"keyword",
                                                            "ignore_above":64
                                                        },
                                                        "coordinates":{
                                                            "type":"geo_point"
                                                        },
                                                        "country":{
                                                            "type":"keyword",
                                                            "ignore_above":2
                                                        },
                                                        "desc":{
                                                            "type":"text",
                                                            "fields":{
                                                                "keyword":{
                                                                    "type":"keyword",
                                                                    "ignore_above":256
                                                                }
                                                            }
                                                        },
                                                        "isp":{
                                                            "type":"keyword",
                                                            "ignore_above":64
                                                        },
                                                        "is_on_premises":{
                                                            "type":"boolean"
                                                        },
                                                        "postal_code":{
                                                            "type":"keyword",
                                                            "ignore_above":24
                                                        },
                                                        "provider":{
                                                            "type":"keyword",
                                                            "ignore_above":64
                                                        },
                                                        "region":{
                                                            "type":"keyword",
                                                            "ignore_above":3
                                                        }
                                                    }
                                                },
                                                "given_name":{
                                                    "type":"keyword",
                                                    "ignore_above":48 
                                                },
                                                "hire_time":{
                                                    "type":"date",
                                                    "format":"yyyy-MM-dd'T'HH:mm:ss.SSSZ||epoch_millis"
                                                },
                                                "hire_time_dt":{
                                                    "type":"date",
                                                    "format":"yyyy-MM-dd'T'HH:mm:ss.SSSZ||epoch_millis"
                                                },
                                                "job_title":{
                                                    "type":"keyword",
                                                    "ignore_above":32
                                                },
                                                "ldap_cn":{
                                                    "type":"keyword",
                                                    "ignore_above":256
                                                },
                                                "ldap_dn":{
                                                    "type":"keyword",
                                                    "ignore_above":1024
                                                },
                                                "labels":{
                                                    "type":"keyword",
                                                    "ignore_above":48
                                                },
                                                "last_login_time":{
                                                    "type":"date",
                                                    "format":"yyyy-MM-dd'T'HH:mm:ss.SSSZ||epoch_millis"
                                                },
                                                "last_login_time_dt":{
                                                    "type":"date",
                                                    "format":"yyyy-MM-dd'T'HH:mm:ss.SSSZ||epoch_millis"
                                                },
                                                "leave_time":{
                                                    "type":"date",
                                                    "format":"yyyy-MM-dd'T'HH:mm:ss.SSSZ||epoch_millis"
                                                },
                                                "leave_time_dt":{
                                                    "type":"date",
                                                    "format":"yyyy-MM-dd'T'HH:mm:ss.SSSZ||epoch_millis"
                                                },
                                                "modified_time":{
                                                    "type":"date",
                                                    "format":"yyyy-MM-dd'T'HH:mm:ss.SSSZ||epoch_millis"
                                                },
                                                "modified_time_dt":{
                                                    "type":"date",
                                                    "format":"yyyy-MM-dd'T'HH:mm:ss.SSSZ||epoch_millis"
                                                },
                                                "office_location":{
                                                    "type":"keyword",
                                                    "ignore_above":64
                                                },
                                                "surname":{
                                                    "type":"keyword",
                                                    "ignore_above":24
                                                }
                                            }
                                        },
                                        "name":{
                                            "type":"keyword",
                                            "ignore_above":64
                                        },
                                        "org":{
                                            "properties":{
                                                "name":{
                                                    "type":"keyword",
                                                    "ignore_above":64
                                                },
                                                "ou_uid":{
                                                    "type":"keyword",
                                                    "ignore_above":64
                                                },
                                                "ou_name":{
                                                    "type":"keyword",
                                                    "ignore_above":64
                                                },
                                                "uid":{
                                                    "type":"keyword",
                                                    "ignore_above":48
                                                }
                                            }
                                        },
                                        "type":{
                                            "type":"keyword",
                                            "ignore_above":64
                                        },
                                        "type_id":{
                                            "type":"integer"
                                        },
                                        "uid":{
                                            "type":"keyword",
                                            "ignore_above":48
                                        },
                                        "credential_uid":{
                                            "type":"keyword",
                                            "ignore_above":48
                                        }
                                    }
                                }
                            }
                        },
                        "integrity":{
                            "type":"keyword",
                            "ignore_above":256
                        },
                        "integrity_id":{
                            "type":"integer"
                        },
                        "lineage":{
                            "type":"text",
                            "fields" : {
                                "keyword" : {
                                    "type" : "keyword",
                                    "ignore_above" : 256
                                }
                            }                                    
                        },
                        "loaded_modules":{
                            "type":"text",
                            "fields" : {
                                "keyword" : {
                                    "type" : "keyword",
                                    "ignore_above" : 256
                                }
                            }                                    
                        },
                        "name":{
                            "type":"keyword",
                            "ignore_above":128
                        },
                        "namespace_pid":{
                            "type":"integer"
                        },
                        "pid":{
                            "type":"integer"
                        },
                        "sandbox":{
                            "type":"keyword",
                            "ignore_above":64
                        },
                        "terminated_time":{
                            "type":"date",
                            "format":"yyyy-MM-dd'T'HH:mm:ss.SSSZ||epoch_millis"
                        },
                        "terminated_time_dt":{
                            "type":"date",
                            "format":"yyyy-MM-dd'T'HH:mm:ss.SSSZ||epoch_millis"
                        },
                        "tid":{
                            "type":"integer"
                        },
                        "uid":{
                            "type":"keyword",
                            "ignore_above":64
                        },
                        "user":{
                            "properties":{
                                "account":{
                                    "properties":{
                                        "type":{
                                            "type":"keyword",
                                            "ignore_above":64
                                        },
                                        "name":{
                                            "type":"keyword",
                                            "ignore_above":64
                                        },
                                        "type_id":{
                                            "type":"integer"
                                        },
                                        "uid":{
                                            "type":"keyword",
                                            "ignore_above":48
                                        }                           
                                    }
                                },
                                "uid_alt":{
                                    "type":"keyword",
                                    "ignore_above":48
                                },
                                "domain":{
                                    "type":"keyword",
                                    "ignore_above":64
                                },
                                "email_addr":{
                                    "type":"keyword",
                                    "ignore_above":128
                                },
                                "full_name":{
                                    "type":"keyword",
                                    "ignore_above":48
                                },
                                "groups:":{
                                    "properties":{
                                        "type":{
                                            "type":"keyword",
                                            "ignore_above":256
                                        },
                                        "desc":{
                                            "type":"keyword",
                                            "ignore_above":256
                                        },
                                        "domain":{
                                            "type":"keyword",
                                            "ignore_above":256
                                        },
                                        "name":{
                                            "type":"keyword",
                                            "ignore_above":256
                                        },
                                        "privileges":{
                                            "type":"keyword",
                                            "ignore_above":256
                                        },
                                        "uid":{
                                            "type":"keyword",
                                            "ignore_above":48
                                        }
                                    }
                                },
                                "ldap_person":{
                                    "properties":{
                                        "cost_center":{
                                            "type":"keyword",
                                            "ignore_above":64
                                        },
                                        "created_time":{
                                            "type":"date",
                                            "format":"yyyy-MM-dd'T'HH:mm:ss.SSSZ||epoch_millis"
                                        },
                                        "created_time_dt":{
                                            "type":"date",
                                            "format":"yyyy-MM-dd'T'HH:mm:ss.SSSZ||epoch_millis"
                                        },
                                        "deleted_time":{
                                            "type":"date",
                                            "format":"yyyy-MM-dd'T'HH:mm:ss.SSSZ||epoch_millis"
                                        },
                                        "deleted_time_dt":{
                                            "type":"date",
                                            "format":"yyyy-MM-dd'T'HH:mm:ss.SSSZ||epoch_millis"
                                        },
                                        "email_addrs":{
                                            "type":"keyword",
                                            "ignore_above":128
                                        },
                                        "employee_uid":{
                                            "type":"keyword",
                                            "ignore_above":48
                                        },
                                        "location":{
                                            "properties":{
                                                "city":{
                                                    "type":"keyword",
                                                    "ignore_above":64
                                                },
                                                "continent":{
                                                    "type":"keyword",
                                                    "ignore_above":64
                                                },
                                                "coordinates":{
                                                    "type":"geo_point"
                                                },
                                                "country":{
                                                    "type":"keyword",
                                                    "ignore_above":2
                                                },
                                                "desc":{
                                                    "type":"text",
                                                    "fields":{
                                                        "keyword":{
                                                            "type":"keyword",
                                                            "ignore_above":256
                                                        }
                                                    }
                                                },
                                                "isp":{
                                                    "type":"keyword",
                                                    "ignore_above":64
                                                },
                                                "is_on_premises":{
                                                    "type":"boolean"
                                                },
                                                "postal_code":{
                                                    "type":"keyword",
                                                    "ignore_above":24
                                                },
                                                "provider":{
                                                    "type":"keyword",
                                                    "ignore_above":64
                                                },
                                                "region":{
                                                    "type":"keyword",
                                                    "ignore_above":3
                                                }
                                            }
                                        },
                                        "given_name":{
                                            "type":"keyword",
                                            "ignore_above":48 
                                        },
                                        "hire_time":{
                                            "type":"date",
                                            "format":"yyyy-MM-dd'T'HH:mm:ss.SSSZ||epoch_millis"
                                        },
                                        "hire_time_dt":{
                                            "type":"date",
                                            "format":"yyyy-MM-dd'T'HH:mm:ss.SSSZ||epoch_millis"
                                        },
                                        "job_title":{
                                            "type":"keyword",
                                            "ignore_above":32
                                        },
                                        "ldap_cn":{
                                            "type":"keyword",
                                            "ignore_above":256
                                        },
                                        "ldap_dn":{
                                            "type":"keyword",
                                            "ignore_above":1024
                                        },
                                        "labels":{
                                            "type":"keyword",
                                            "ignore_above":48
                                        },
                                        "last_login_time":{
                                            "type":"date",
                                            "format":"yyyy-MM-dd'T'HH:mm:ss.SSSZ||epoch_millis"
                                        },
                                        "last_login_time_dt":{
                                            "type":"date",
                                            "format":"yyyy-MM-dd'T'HH:mm:ss.SSSZ||epoch_millis"
                                        },
                                        "leave_time":{
                                            "type":"date",
                                            "format":"yyyy-MM-dd'T'HH:mm:ss.SSSZ||epoch_millis"
                                        },
                                        "leave_time_dt":{
                                            "type":"date",
                                            "format":"yyyy-MM-dd'T'HH:mm:ss.SSSZ||epoch_millis"
                                        },
                                        "modified_time":{
                                            "type":"date",
                                            "format":"yyyy-MM-dd'T'HH:mm:ss.SSSZ||epoch_millis"
                                        },
                                        "modified_time_dt":{
                                            "type":"date",
                                            "format":"yyyy-MM-dd'T'HH:mm:ss.SSSZ||epoch_millis"
                                        },
                                        "office_location":{
                                            "type":"keyword",
                                            "ignore_above":64
                                        },
                                        "surname":{
                                            "type":"keyword",
                                            "ignore_above":24
                                        }
                                    }
                                },
                                "name":{
                                    "type":"keyword",
                                    "ignore_above":64
                                },
                                "org":{
                                    "properties":{
                                        "name":{
                                            "type":"keyword",
                                            "ignore_above":64
                                        },
                                        "ou_uid":{
                                            "type":"keyword",
                                            "ignore_above":64
                                        },
                                        "ou_name":{
                                            "type":"keyword",
                                            "ignore_above":64
                                        },
                                        "uid":{
                                            "type":"keyword",
                                            "ignore_above":48
                                        }
                                    }
                                },
                                "type":{
                                    "type":"keyword",
                                    "ignore_above":64
                                },
                                "type_id":{
                                    "type":"integer"
                                },
                                "uid":{
                                    "type":"keyword",
                                    "ignore_above":48
                                },
                                "credential_uid":{
                                    "type":"keyword",
                                    "ignore_above":48
                                }
                            }
                        },                           
                        "session":{
                            "properties":{
                                "uid_alt":{
                                    "type":"keyword",
                                    "ignore_above":64
                                },
                                "count":{
                                    "type":"integer"
                                },
                                "created_time":{
                                    "type":"date",
                                    "format":"yyyy-MM-dd'T'HH:mm:ss.SSSZ||epoch_millis"
                                },
                                "created_time_dt":{
                                    "type":"date",
                                    "format":"yyyy-MM-dd'T'HH:mm:ss.SSSZ||epoch_millis"
                                },
                                "expiration_time":{
                                    "type":"date",
                                    "format":"yyyy-MM-dd'T'HH:mm:ss.SSSZ||epoch_millis"
                                },
                                "expiration_time_dt":{
                                    "type":"date",
                                    "format":"yyyy-MM-dd'T'HH:mm:ss.SSSZ||epoch_millis"
                                },
                                "issuer":{
                                    "type":"keyword",
                                    "ignore_above":256
                                },
                                "is_mfa":{
                                    "type":"boolean"
                                },
                                "is_remote":{
                                    "type":"boolean"
                                },
                                "terminal":{
                                    "type":"keyword",
                                    "ignore_above":36
                                },
                                "uuid":{
                                    "type":"keyword",
                                    "ignore_above":64
                                },
                                "uid":{
                                    "type":"keyword",
                                    "ignore_above":64
                                },
                                "credential_uid":{
                                    "type":"keyword",
                                    "ignore_above":64
                                },
                                "is_vpn":{
                                    "type":"boolean"
                                }
                            }
                        }
                    }
                }
            
            }
        }
    }
}
